name,slipNumber,category
アレスマスク,1,サルベージ装備
アレスキュイラス,1,サルベージ装備
アレスガントレット,1,サルベージ装備
アレスフランチャー,1,サルベージ装備
アレスソルレット,1,サルベージ装備
エニュオマスク,1,サルベージ装備
エニュオプレート,1,サルベージ装備
エニュオガントレ,1,サルベージ装備
エニュオクウィス,1,サルベージ装備
エニュオレギンス,1,サルベージ装備
フォボスマスク,1,サルベージ装備
フォボスキュイラス,1,サルベージ装備
フォボスガントレ,1,サルベージ装備
フォボスクウィス,1,サルベージ装備
フォボスサバトン,1,サルベージ装備
ダイモスマスク,1,サルベージ装備
ダイモスキュイラス,1,サルベージ装備
ダイモスガントレ,1,サルベージ装備
ダイモスクウィス,1,サルベージ装備
ダイモスレギンス,1,サルベージ装備
スカディバイザー,1,サルベージ装備
スカディクウィリ,1,サルベージ装備
スカディバズバンド,1,サルベージ装備
スカディショウス,1,サルベージ装備
スカディジャンボー,1,サルベージ装備
ニョルドマスク,1,サルベージ装備
ニョルドジャーキン,1,サルベージ装備
ニョルドグローブ,1,サルベージ装備
ニョルドトラウザ,1,サルベージ装備
ニョルドレデルセン,1,サルベージ装備
フレイマスク,1,サルベージ装備
フレイジャーキン,1,サルベージ装備
フレイグローブ,1,サルベージ装備
フレイトラウザ,1,サルベージ装備
フレイレデルセン,1,サルベージ装備
フレイヤマスク,1,サルベージ装備
フレイヤジャーキン,1,サルベージ装備
フレイヤグローブ,1,サルベージ装備
フレイヤトラウザ,1,サルベージ装備
フレイヤレデルセン,1,サルベージ装備
薄金総面,1,サルベージ装備
薄金腹巻,1,サルベージ装備
薄金篭手,1,サルベージ装備
薄金膝甲,1,サルベージ装備
薄金脛当,1,サルベージ装備
星数鉢巻,1,サルベージ装備
星数の衣,1,サルベージ装備
星数の手甲,1,サルベージ装備
星数の袴,1,サルベージ装備
星数の脚絆,1,サルベージ装備
月数陣鉢,1,サルベージ装備
月数闘着,1,サルベージ装備
月数篭手,1,サルベージ装備
月数佩楯,1,サルベージ装備
月数脛当,1,サルベージ装備
日数兜,1,サルベージ装備
日数腹当,1,サルベージ装備
日数篭手,1,サルベージ装備
日数の袴,1,サルベージ装備
日数脛当,1,サルベージ装備
マルドゥクティアラ,1,サルベージ装備
マルドゥクジュバ,1,サルベージ装備
マルドゥクダスタナ,1,サルベージ装備
マルドゥクシャルワ,1,サルベージ装備
マルドゥククラッコ,1,サルベージ装備
アヌティアラ,1,サルベージ装備
アヌダブレット,1,サルベージ装備
アヌゲージ,1,サルベージ装備
アヌブレー,1,サルベージ装備
アヌゲートル,1,サルベージ装備
エアティアラ,1,サルベージ装備
エアダブレット,1,サルベージ装備
エアダスタナ,1,サルベージ装備
エアブレー,1,サルベージ装備
エアクラッコー,1,サルベージ装備
エンリルティアラ,1,サルベージ装備
エンリルガンビスン,1,サルベージ装備
エンリルコッルク,1,サルベージ装備
エンリルブレエット,1,サルベージ装備
エンリルガンビエラ,1,サルベージ装備
モリガンコロナル,1,サルベージ装備
モリガンローブ,1,サルベージ装備
モリガンカフス,1,サルベージ装備
モリガンスロップス,1,サルベージ装備
モリガンピガッシュ,1,サルベージ装備
ネヴァンクラウン,1,サルベージ装備
ネヴァンローブ,1,サルベージ装備
ネヴァンカフス,1,サルベージ装備
ネヴァンスロップス,1,サルベージ装備
ネヴァンサボ,1,サルベージ装備
バーブクラウン,1,サルベージ装備
バーブローブ,1,サルベージ装備
バーブカフス,1,サルベージ装備
バーブスロップス,1,サルベージ装備
バーブピガッシュ,1,サルベージ装備
マッハクラウン,1,サルベージ装備
マッハコート,1,サルベージ装備
マッハカフス,1,サルベージ装備
マッハスロップス,1,サルベージ装備
マッハピガッシュ,1,サルベージ装備
アスカルツッケット,1,ナイズル装備
アスカルコラジン,1,ナイズル装備
アスカルマノポラ,1,ナイズル装備
アスカルディル,1,ナイズル装備
アスカルガンビエラ,1,ナイズル装備
デナリボンネット,1,ナイズル装備
デナリジャケット,1,ナイズル装備
デナリリスト,1,ナイズル装備
デナリケックス,1,ナイズル装備
デナリゲマッシュ,1,ナイズル装備
ゴリアードシャポー,1,ナイズル装備
ゴリアードサイオ,1,ナイズル装備
ゴリアードカフス,1,ナイズル装備
ゴリアードトルーズ,1,ナイズル装備
ゴリアードクロッグ,1,ナイズル装備
ペルデュソード,1,皇国軍戦績武器
ペルデュハンガー,1,皇国軍戦績武器
ペルデュブレード,1,皇国軍戦績武器
ペルデュヴォウジェ,1,皇国軍戦績武器
ペルデュスタッフ,1,皇国軍戦績武器
ペルデュボウ,1,皇国軍戦績武器
ペルデュクロスボウ,1,皇国軍戦績武器
ペルデュワンド,1,皇国軍戦績武器
ペルデュシックル,1,皇国軍戦績武器
ペルワンカランスワ,1,作戦戦績交換品
ペルワンカザガンド,1,作戦戦績交換品
ペルワンダスタナ,1,作戦戦績交換品
ペルワンサラウィル,1,作戦戦績交換品
ペルワンクラッコー,1,作戦戦績交換品
アミールバグリー,1,作戦戦績交換品
アミールコラジン,1,作戦戦績交換品
アミールコッルク,1,作戦戦績交換品
アミールディル,1,作戦戦績交換品
アミールブーツ,1,作戦戦績交換品
イギトターバン,1,作戦戦績交換品
イギトゴムレフ,1,作戦戦績交換品
イギトゲージ,1,作戦戦績交換品
イギトサラウィル,1,作戦戦績交換品
イギトクラッコー,1,作戦戦績交換品
インペリアルカマン,1,作戦戦績交換品
ストームザグナル,1,作戦戦績交換品
ストームファイフ,1,作戦戦績交換品
インペリアルガン,1,作戦戦績交換品
クファンジャル,1,作戦戦績交換品
蛍丸,1,作戦戦績交換品
インペリアルネザ,1,作戦戦績交換品
ストームタバール,1,作戦戦績交換品
ストームタルワール,1,作戦戦績交換品
インペリアルブージ,1,作戦戦績交換品
イギトブラワ,1,作戦戦績交換品
ペルワンパタ,1,作戦戦績交換品
インペリアルポール,1,作戦戦績交換品
小夜左文字,1,作戦戦績交換品
ドゥームブリンガー,1,作戦戦績交換品
リッターゴルゲット,1,闇血アンプル交換品
倶毘羅の数珠,1,闇血アンプル交換品
モルガナチョーカー,1,闇血アンプル交換品
アスランケープ,1,闇血アンプル交換品
グリーマンケープ,1,闇血アンプル交換品
バッカニアベルト,1,闇血アンプル交換品
イオタリング,1,闇血アンプル交換品
オメガリング,1,闇血アンプル交換品
デルタピアス,1,闇血アンプル交換品
ストリンガー＋,1,闇血アンプル交換品
ホフド,1,ヴァルグリンド
バルキリーフォーク,1,ヴァルグリンド
ヴァルハラヘルム,1,ヴァルハラ装備
ヴァルハラブレスト,1,ヴァルハラ装備
ヘカトンキャップ,2,免罪装備
ヘカトンハーネス,2,免罪装備
ヘカトンミトン,2,免罪装備
ヘカトンサブリガ,2,免罪装備
ヘカトンレギンス,2,免罪装備
ヘカトンキャップ+1,2,免罪装備
ヘカトンハーネス+1,2,免罪装備
ヘカトンミトン+1,2,免罪装備
ヘカトンサブリガ+1,2,免罪装備
ヘカトンレギンス+1,2,免罪装備
ケーニヒシャレル,2,免罪装備
ケーニヒキューラス,2,免罪装備
ケーニヒハントシュ,2,免罪装備
ケーニヒディヒリン,2,免罪装備
ケーニヒシュー,2,免罪装備
カイザーシャレル,2,免罪装備
カイザーキューラス,2,免罪装備
カイザーハントシュ,2,免罪装備
カイザーディヒリン,2,免罪装備
カイザーシュー,2,免罪装備
アダマンチェラータ,2,免罪装備
アダマンホーバーク,2,免罪装備
アダマンマフラ,2,免罪装備
アダマンブリーチズ,2,免罪装備
アダマンソルレット,2,免罪装備
アルマダチェラータ,2,免罪装備
アルマダホーバーク,2,免罪装備
アルマダマフラ,2,免罪装備
アルマダブリーチズ,2,免罪装備
アルマダソルレット,2,免罪装備
修羅頭成兜,2,免罪装備
修羅闘着,2,免罪装備
修羅篠篭手,2,免罪装備
修羅板佩楯,2,免罪装備
修羅篠脛当,2,免罪装備
修羅頭成兜改,2,免罪装備
修羅闘着改,2,免罪装備
修羅篠篭手改,2,免罪装備
修羅板佩楯改,2,免罪装備
修羅篠脛当改,2,免罪装備
ゼニスクラウン,2,免罪装備
ダルマティカ,2,免罪装備
ゼニスミトン,2,免罪装備
ゼニスズボン,2,免罪装備
ゼニスパンプス,2,免罪装備
ゼニスクラウン+1,2,免罪装備
ダルマティカ+1,2,免罪装備
ゼニスミトン+1,2,免罪装備
ゼニスズボン+1,2,免罪装備
ゼニスパンプス+1,2,免罪装備
クリムゾンマスク,2,免罪装備
クリムゾンスケイル,2,免罪装備
クリムゾンフィンガ,2,免罪装備
クリムゾンクウィス,2,免罪装備
クリムゾングリーヴ,2,免罪装備
ブラッドマスク,2,免罪装備
ブラッドスケイル,2,免罪装備
ブラッドフィンガー,2,免罪装備
ブラッドクウィス,2,免罪装備
ブラッドグリーヴ,2,免罪装備
シャドウヘルム,2,免罪装備
シャドウプレート,2,免罪装備
シャドウガントレ,2,免罪装備
シャドウクイシュ,2,免罪装備
シャドウサバトン,2,免罪装備
バルキリーヘルム,2,免罪装備
バルキリープレート,2,免罪装備
バルキリーガントレ,2,免罪装備
バルキリークイシュ,2,免罪装備
バルキリーサバトン,2,免罪装備
シャドウハット,2,免罪装備
シャドウコート,2,免罪装備
シャドウカフス,2,免罪装備
シャドウトルーズ,2,免罪装備
シャドウクロッグ,2,免罪装備
バルキリーハット,2,免罪装備
バルキリーコート,2,免罪装備
バルキリーカフス,2,免罪装備
バルキリートルーズ,2,免罪装備
バルキリークロッグ,2,免罪装備
白虎佩楯,2,四神装備
朱雀脛当,2,四神装備
青龍篭手,2,四神装備
玄武兜,2,四神装備
白虎斧,2,四神装備
朱雀戈,2,四神装備
青龍刀,2,四神装備
玄武盾,2,四神装備
ジャスティストルク,2,七元徳
ホープトルク,2,七元徳
プルーデンストルク,2,七元徳
フォーテテュトルク,2,七元徳
フェイストルク,2,七元徳
テンペランストルク,2,七元徳
ラヴトルク,2,七元徳
ジャスティスソード,2,七元徳
ホープスタッフ,2,七元徳
プルーデンスロッド,2,七元徳
フェイスバグナウ,2,七元徳
フォーテテュアクス,2,七元徳
テンペランスアクス,2,七元徳
ラヴハルバード,2,七元徳
慈悲の羽衣,2,七元徳
施療の羽衣,2,七元徳
慧敏の羽衣,2,七元徳
チャージャーマント,2,獣人古銭
イェーガーマント,2,獣人古銭
ボクサーマント,2,獣人古銭
ガンナーマント,2,獣人古銭
ミュージックピアス,2,獣人古銭
ステルスピアス,2,獣人古銭
ロケイシャスピアス,2,獣人古銭
ブルタルピアス,2,獣人古銭
フラーレスリボン,2,獣人古銭
ホマムツッケット,2,リンバス
ホマムコラッツァ,2,リンバス
ホマムマノポラ,2,リンバス
ホマムコッシャレ,2,リンバス
ホマムガンビエラ,2,リンバス
ナシラターバン,2,リンバス
ナシラマンティル,2,リンバス
ナシラゲージ,2,リンバス
ナシラサラウィル,2,リンバス
ナシラクラッコー,2,リンバス
エニフツッケット,2,リンバス
エニフコラッツァ,2,リンバス
エニフマノポラ,2,リンバス
エニフコッシャレ,2,リンバス
エニフガンビエラ,2,リンバス
アダーラターバン,2,リンバス
アダーラマンティル,2,リンバス
アダーラゲージ,2,リンバス
アダーラサラウィル,2,リンバス
アダーラクラッコー,2,リンバス
ムルジムツッケット,2,リンバス
ムルジムコラッツァ,2,リンバス
ムルジムマノポラ,2,リンバス
ムルジムコッシャレ,2,リンバス
ムルジムガンビエラ,2,リンバス
シェダルターバン,2,リンバス
シェダルマンティル,2,リンバス
シェダルゲージ,2,リンバス
シェダルサラウィル,2,リンバス
シェダルクラッコー,2,リンバス
ピエージェシャツ,2,ユニティ装束
アヤメシャツ,2,ユニティ装束
Ｉ．シールドシャツ,2,ユニティ装束
アプルルシャツ,2,ユニティ装束
マートシャツ,2,ユニティ装束
アルドシャツ,2,ユニティ装束
ジャコシャツ,2,ユニティ装束
ナジャシャツ,2,ユニティ装束
フラヴィリアシャツ,2,ユニティ装束
ヨランオランシャツ,2,ユニティ装束
シルヴィシャツ,2,ユニティ装束
オーラムアーメット,3,花鳥風月装備
オーラムキュイラス,3,花鳥風月装備
オーラムガントレ,3,花鳥風月装備
オーラムクウィス,3,花鳥風月装備
オーラムサバトン,3,花鳥風月装備
オラクルキャップ,3,花鳥風月装備
オラクルローブ,3,花鳥風月装備
オラクルグローブ,3,花鳥風月装備
オラクルブラコーニ,3,花鳥風月装備
オラクルピガッシュ,3,花鳥風月装備
エンキドゥキャップ,3,花鳥風月装備
エンキドゥハーネス,3,花鳥風月装備
エンキドゥミトン,3,花鳥風月装備
エンキドゥサブリガ,3,花鳥風月装備
エンキドゥレギンス,3,花鳥風月装備
ラムヘルム,3,連合軍戦績
ラムチェーンメイル,3,連合軍戦績
ラムマフラ,3,連合軍戦績
ラムブリーチズ,3,連合軍戦績
ラムソルレット,3,連合軍戦績
ラムサリット,3,連合軍戦績
ラムホーバーク,3,連合軍戦績
ラムダスタナ,3,連合軍戦績
ラムホーズ,3,連合軍戦績
ラムグリーヴ,3,連合軍戦績
パトローナスリング,3,連合軍戦績
クリムゾンベルト,3,連合軍戦績
テンプルピアス,3,連合軍戦績
フォックスピアス,3,連合軍戦績
ローズストラップ,3,連合軍戦績
グリフィンの爪,3,連合軍戦績
王立騎士団認印指輪,3,連合軍戦績
フォースアーメット,3,バストゥーク軍
フォースキュイラス,3,バストゥーク軍
フォースガントレ,3,バストゥーク軍
フォースクウィス,3,バストゥーク軍
フォースサバトン,3,バストゥーク軍
フォースハウベ,3,バストゥーク軍
フォースブリュネ,3,バストゥーク軍
フォースヘンツェ,3,バストゥーク軍
フォースショース,3,バストゥーク軍
フォースシュー,3,バストゥーク軍
アレスターマント,3,バストゥーク軍
ソニアプレクトラム,3,バストゥーク軍
シュトルムリポート,3,バストゥーク軍
ブルネックレス,3,バストゥーク軍
シールドカラー,3,バストゥーク軍
レクスタリオニス,3,バストゥーク軍
第四共和軍団マント,3,バストゥーク軍
コブラハット,3,ウィンダス軍
コブラコート,3,ウィンダス軍
コブラカフス,3,ウィンダス軍
コブラスロップス,3,ウィンダス軍
コブラピガッシュ,3,ウィンダス軍
コブラキャップ,3,ウィンダス軍
コブラハーネス,3,ウィンダス軍
コブラミトン,3,ウィンダス軍
コブラサブリガ,3,ウィンダス軍
コブラレギンス,3,ウィンダス軍
コブラクロシュ,3,ウィンダス軍
コブラローブ,3,ウィンダス軍
コブラグローブ,3,ウィンダス軍
コブラトルーズ,3,ウィンダス軍
コブラクラッコー,3,ウィンダス軍
エアリーズグリップ,3,ウィンダス軍
カプリコンロープ,3,ウィンダス軍
クロコダイルカラー,3,ウィンダス軍
クーガーペンダント,3,ウィンダス軍
アーシーベルト,3,ウィンダス軍
サムドラ,3,ウィンダス軍
連邦傭兵団長の護符,3,ウィンダス軍
ジャナッドヘルム,3,将領BF
ジャ・ゴ・バルバト,3,将領BF
ハバロヘッドギア,3,将領BF
オジエヘルム,3,ヴォイドウォッチ
オジエサーコート,3,ヴォイドウォッチ
オジエガントレット,3,ヴォイドウォッチ
オジエブリーチズ,3,ヴォイドウォッチ
オジエレギンス,3,ヴォイドウォッチ
アトスシャポー,3,ヴォイドウォッチ
アトスタバード,3,ヴォイドウォッチ
アトスグローブ,3,ヴォイドウォッチ
アトスタイツ,3,ヴォイドウォッチ
アトスブーツ,3,ヴォイドウォッチ
ルベウスバンド,3,ヴォイドウォッチ
ルベウスジャケット,3,ヴォイドウォッチ
ルベウスグローブ,3,ヴォイドウォッチ
ルベウススパッツ,3,ヴォイドウォッチ
ルベウスブーツ,3,ヴォイドウォッチ
トワイライトナイフ,3,トワイライト装備
トワイライトサイズ,3,トワイライト装備
トワイライトヘルム,3,トワイライト装備
トワイライトメイル,3,トワイライト装備
トワイライトプリス,3,トワイライト装備
黄昏の光輪,3,トワイライト装備
黄昏の帯,3,トワイライト装備
黄昏の羽衣,3,トワイライト装備
完璧な幸運の卵,3,蝕世のエンブリオ
ペアリソード,3,蝕世のエンブリオ
ペアリシールド,3,蝕世のエンブリオ
ナジの包帯,3,蝕世のエンブリオ
エーペトス,3,蝕世のエンブリオ
ザイアメクード,3,蝕世のエンブリオ
ザイアメペティ,3,蝕世のエンブリオ
ザイアメバズバンド,3,蝕世のエンブリオ
ザイアメシャルバル,3,蝕世のエンブリオ
ザイアメネール,3,蝕世のエンブリオ
雷槌,3,蝕世のエンブリオ
アプカルセプター,3,蝕世のエンブリオ
独鈷杵,3,蝕世のエンブリオ
天狗の葉団扇,3,蝕世のエンブリオ
天狗の隠れ蓑,3,蝕世のエンブリオ
共和プラチナ章,3,蝕世のエンブリオ
シビルスカーフ,3,蝕世のエンブリオ
上級近衛騎士カラー,3,蝕世のエンブリオ
チャックチャック,3,蝕世のエンブリオ
オシャシャの原論文,3,蝕世のエンブリオ
コーネリアの黒帯,3,蝕世のエンブリオ
プラチナモグベルト,3,蝕世のエンブリオ
ダッツボグナックル,3,蝕世のエンブリオ
ブードックスマスク,3,蝕世のエンブリオ
ブードックススーツ,3,蝕世のエンブリオ
マッグビフマスク,3,蝕世のエンブリオ
マッグビフスーツ,3,蝕世のエンブリオ
ファイターマスク,4,戦士
ファイターロリカ,4,戦士
ファイターマフラ,4,戦士
ファイタークウィス,4,戦士
ファイターカリガ,4,戦士
テンプルクラウン,4,モンク
テンプルシクラス,4,モンク
テンプルグローブ,4,モンク
テンプルホーズ,4,モンク
テンプルゲートル,4,モンク
ヒーラーキャップ,4,白魔道士
ヒーラーブリオー,4,白魔道士
ヒーラーミトン,4,白魔道士
ヒーラーパンタロン,4,白魔道士
ヒーラーダックビル,4,白魔道士
ウィザードペタソス,4,黒魔道士
ウィザードコート,4,黒魔道士
ウィザードグローブ,4,黒魔道士
ウィザードトンバン,4,黒魔道士
ウィザードサボ,4,黒魔道士
ワーロックシャポー,4,赤魔道士
ワーロックタバード,4,赤魔道士
ワーロックグローブ,4,赤魔道士
ワーロックタイツ,4,赤魔道士
ワーロックブーツ,4,赤魔道士
ローグボンネット,4,シーフ
ローグベスト,4,シーフ
ローグアームレット,4,シーフ
ローグキュロット,4,シーフ
ローグプーレーヌ,4,シーフ
ガラントコロネット,4,ナイト
ガラントサーコート,4,ナイト
ガラントガントレ,4,ナイト
ガラントブリーチズ,4,ナイト
ガラントレギンス,4,ナイト
カオスバーゴネット,4,暗黒騎士
カオスキュイラス,4,暗黒騎士
カオスガントレット,4,暗黒騎士
カオスフランチャー,4,暗黒騎士
カオスソルレット,4,暗黒騎士
ビーストヘルム,4,獣使い
ビーストジャック,4,獣使い
ビーストグローブ,4,獣使い
ビーストトラウザ,4,獣使い
ビーストゲートル,4,獣使い
コラルラウンドリト,4,吟遊詩人
コラルジュストコル,4,吟遊詩人
コラルカフス,4,吟遊詩人
コラルキャニオンズ,4,吟遊詩人
コラルスリッパー,4,吟遊詩人
ハンターベレー,4,狩人
ハンタージャーキン,4,狩人
ハンターブレーサー,4,狩人
ハンターブラッカエ,4,狩人
ハンターソックス,4,狩人
明珍桃形兜,4,侍
明珍胴丸,4,侍
明珍筒篭手,4,侍
明珍板佩楯,4,侍
明珍筒脛当,4,侍
乱波半首,4,忍者
乱波鎖帷子,4,忍者
乱波手甲,4,忍者
乱波袴,4,忍者
乱波脚絆,4,忍者
ドラケンアーメット,4,竜騎士
ドラケンメイル,4,竜騎士
ドラケンフィンガー,4,竜騎士
ドラケンブレー,4,竜騎士
ドラケングリーヴ,4,竜騎士
エボカーホーン,4,召喚士
エボカーダブレット,4,召喚士
エボカーブレーサー,4,召喚士
エボカースパッツ,4,召喚士
エボカーピガッシュ,4,召喚士
メガスケフィエ,4,青魔道士
メガスジュバ,4,青魔道士
メガスバズバンド,4,青魔道士
メガスシャルワー,4,青魔道士
メガスチャルク,4,青魔道士
コルセアトリコルヌ,4,コルセア
コルセアフラック,4,コルセア
コルセアガントリー,4,コルセア
コルセアトルーズ,4,コルセア
コルセアブーツ,4,コルセア
パペトリタージ,4,からくり士
パペトリトベ,4,からくり士
パペトリダスタナ,4,からくり士
パペトリチュリダル,4,からくり士
パペトリバブーシュ,4,からくり士
ダンサーティアラ,4,踊り子
ダンサーカザク,4,踊り子
ダンサーバングル,4,踊り子
ダンサータイツ,4,踊り子
ダンサートーシュー,4,踊り子
スカラーボード,4,学者
スカラーガウン,4,学者
スカラーブレーサー,4,学者
スカラーパンツ,4,学者
スカラーローファー,4,学者
ジオガレーロ,4,風水士
ジオチュニック,4,風水士
ジオミテーヌ,4,風水士
ジオパンツ,4,風水士
ジオサンダル,4,風水士
ルーニストバンド,4,魔道剣士
ルーニストコート,4,魔道剣士
ルーニストミトン,4,魔道剣士
ルーニストトラウザ,4,魔道剣士
ルーニストブーツ,4,魔道剣士
レイザーアクス,4,AF武器
バルバロイアクス,4,AF武器
マローダーナイフ,4,AF武器
ペーパーナイフ,4,AF武器
レイヴンサイズ,4,AF武器
フェンスデーゲン,4,AF武器
ペレグリン,4,AF武器
スナイプボウ,4,AF武器
ブレスドハンマー,4,AF武器
キャストワンド,4,AF武器
ビートセスタス,4,AF武器
ククルカンスタッフ,4,AF武器
オナーソード,4,AF武器
イモータルシミター,4,AF武器
安寿,4,AF武器
厨子王,4,AF武器
孫六兼元,4,AF武器
ターボストリンガー,4,AF武器
トランプガン,4,AF武器
ウォーフープ,4,AF武器
フィリエベル,4,AF武器
ダウザーワンド,4,AF武器
ベオルクソード,4,AF武器
ＦＴマスク+1,5,戦士
ＦＴロリカ+1,5,戦士
ＦＴマフラ+1,5,戦士
ＦＴクウィス+1,5,戦士
ＦＴカリガ+1,5,戦士
ＴＰクラウン+1,5,モンク
ＴＰシクラス+1,5,モンク
ＴＰグローブ+1,5,モンク
ＴＰホーズ+1,5,モンク
ＴＰゲートル+1,5,モンク
ＨＬキャップ+1,5,白魔道士
ＨＬブリオー+1,5,白魔道士
ＨＬミトン+1,5,白魔道士
ＨＬパンタロン+1,5,白魔道士
ＨＬダックビル+1,5,白魔道士
ＷＺペタソス+1,5,黒魔道士
ＷＺコート+1,5,黒魔道士
ＷＺグローブ+1,5,黒魔道士
ＷＺトンバン+1,5,黒魔道士
ＷＺサボ+1,5,黒魔道士
ＷＬシャポー+1,5,赤魔道士
ＷＬタバード+1,5,赤魔道士
ＷＬグローブ+1,5,赤魔道士
ＷＬタイツ+1,5,赤魔道士
ＷＬブーツ+1,5,赤魔道士
ＲＯボンネット+1,5,シーフ
ＲＯベスト+1,5,シーフ
ＲＯアームレット+1,5,シーフ
ＲＯキュロット+1,5,シーフ
ＲＯプーレーヌ+1,5,シーフ
ＧＬコロネット+1,5,ナイト
ＧＬサーコート+1,5,ナイト
ＧＬガントレ+1,5,ナイト
ＧＬブリーチズ+1,5,ナイト
ＧＬレギンス+1,5,ナイト
ＣＳバーゴネット+1,5,暗黒騎士
ＣＳキュイラス+1,5,暗黒騎士
ＣＳガントレット+1,5,暗黒騎士
ＣＳフランチャー+1,5,暗黒騎士
ＣＳソルレット+1,5,暗黒騎士
ＢＴヘルム+1,5,獣使い
ＢＴジャック+1,5,獣使い
ＢＴグローブ+1,5,獣使い
ＢＴトラウザ+1,5,獣使い
ＢＴゲートル+1,5,獣使い
ＣＨラウンドリト+1,5,吟遊詩人
ＣＨジュストコル+1,5,吟遊詩人
ＣＨカフス+1,5,吟遊詩人
ＣＨキャニオンズ+1,5,吟遊詩人
ＣＨスリッパー+1,5,吟遊詩人
ＨＴベレー+1,5,狩人
ＨＴジャーキン+1,5,狩人
ＨＴブレーサー+1,5,狩人
ＨＴブラッカエ+1,5,狩人
ＨＴソックス+1,5,狩人
明珍桃形兜改,5,侍
明珍胴丸改,5,侍
明珍筒篭手改,5,侍
明珍板佩楯改,5,侍
明珍筒脛当改,5,侍
乱波半首改,5,忍者
乱波鎖帷子改,5,忍者
乱波手甲改,5,忍者
乱波袴改,5,忍者
乱波脚絆改,5,忍者
ＤＣアーメット+1,5,竜騎士
ＤＣメイル+1,5,竜騎士
ＤＣフィンガー+1,5,竜騎士
ＤＣブレー+1,5,竜騎士
ＤＣグリーヴ+1,5,竜騎士
ＥＫホーン+1,5,召喚士
ＥＫダブレット+1,5,召喚士
ＥＫブレーサー+1,5,召喚士
ＥＫスパッツ+1,5,召喚士
ＥＫピガッシュ+1,5,召喚士
ＭＧケフィエ+1,5,青魔道士
ＭＧジュバ+1,5,青魔道士
ＭＧバズバンド+1,5,青魔道士
ＭＧシャルワー+1,5,青魔道士
ＭＧチャルク+1,5,青魔道士
ＣＯトリコルヌ+1,5,コルセア
ＣＯフラック+1,5,コルセア
ＣＯガントリー+1,5,コルセア
ＣＯトルーズ+1,5,コルセア
ＣＯブーツ+1,5,コルセア
ＰＴタージ+1,5,からくり士
ＰＴトベ+1,5,からくり士
ＰＴダスタナ+1,5,からくり士
ＰＴチュリダル+1,5,からくり士
ＰＴバブーシュ+1,5,からくり士
ＤＲティアラ+1,5,踊り子
ＤＲカザク+1,5,踊り子
ＤＲバングル+1,5,踊り子
ＤＲタイツ+1,5,踊り子
ＤＲトーシュー+1,5,踊り子
ＳＬボード+1,5,学者
ＳＬガウン+1,5,学者
ＳＬブレーサー+1,5,学者
ＳＬパンツ+1,5,学者
ＳＬローファー+1,5,学者
ウォリアーマスク,6,戦士
ウォリアーロリカ,6,戦士
ウォリアーマフラ,6,戦士
ウォリアークウィス,6,戦士
ウォリアーカリガ,6,戦士
メレークラウン,6,モンク
メレーシクラス,6,モンク
メレーグローブ,6,モンク
メレーホーズ,6,モンク
メレーゲートル,6,モンク
クレリクキャップ,6,白魔道士
クレリクブリオー,6,白魔道士
クレリクミトン,6,白魔道士
クレリクパンタロン,6,白魔道士
クレリクダックビル,6,白魔道士
ソーサラーペタソス,6,黒魔道士
ソーサラーコート,6,黒魔道士
ソーサラーグローブ,6,黒魔道士
ソーサラートンバン,6,黒魔道士
ソーサラーサボ,6,黒魔道士
デュエルシャポー,6,赤魔道士
デュエルタバード,6,赤魔道士
デュエルグローブ,6,赤魔道士
デュエルタイツ,6,赤魔道士
デュエルブーツ,6,赤魔道士
アサシンボンネット,6,シーフ
アサシンベスト,6,シーフ
アサシンアムレット,6,シーフ
アサシンキュロット,6,シーフ
アサシンプーレーヌ,6,シーフ
ヴァラーコロネット,6,ナイト
ヴァラーサーコート,6,ナイト
ヴァラーガントレ,6,ナイト
ヴァラーブリーチズ,6,ナイト
ヴァラーレギンス,6,ナイト
アビスバーゴネット,6,暗黒騎士
アビスキュイラス,6,暗黒騎士
アビスガントレット,6,暗黒騎士
アビスフランチャー,6,暗黒騎士
アビスソルレット,6,暗黒騎士
モンスターヘルム,6,獣使い
モンスタージャック,6,獣使い
モンスターグローブ,6,獣使い
モンスタートラウザ,6,獣使い
モンスターゲートル,6,獣使い
バードラウンドリト,6,吟遊詩人
バードジュストコル,6,吟遊詩人
バードカフス,6,吟遊詩人
バードキャニオンズ,6,吟遊詩人
バードスリッパー,6,吟遊詩人
スカウトベレー,6,狩人
スカウトジャーキン,6,狩人
スカウトブレーサー,6,狩人
スカウトブラッカエ,6,狩人
スカウトソックス,6,狩人
早乙女桃形兜,6,侍
早乙女胴丸,6,侍
早乙女筒篭手,6,侍
早乙女板佩楯,6,侍
早乙女筒脛当,6,侍
甲賀半首,6,忍者
甲賀鎖帷子,6,忍者
甲賀手甲,6,忍者
甲賀袴,6,忍者
甲賀脚絆,6,忍者
ウィルムアーメット,6,竜騎士
ウィルムメイル,6,竜騎士
ウィルムフィンガー,6,竜騎士
ウィルムブレー,6,竜騎士
ウィルムグリーヴ,6,竜騎士
サマナーホーン,6,召喚士
サマナーダブレット,6,召喚士
サマナーブレーサー,6,召喚士
サマナースパッツ,6,召喚士
サマナーピガッシュ,6,召喚士
ミラージケフィエ,6,青魔道士
ミラージジュバ,6,青魔道士
ミラージバズバンド,6,青魔道士
ミラージシャルワー,6,青魔道士
ミラージチャルク,6,青魔道士
コモドアトリコルヌ,6,コルセア
コモドアフラック,6,コルセア
コモドアガントリー,6,コルセア
コモドアトルーズ,6,コルセア
コモドアブーツ,6,コルセア
パンタンタージ,6,からくり士
パンタントベ,6,からくり士
パンタンダスタナ,6,からくり士
パンタンチュリダル,6,からくり士
パンタンバブーシュ,6,からくり士
エトワールティアラ,6,踊り子
エトワールカザク,6,踊り子
エトワールバングル,6,踊り子
エトワールタイツ,6,踊り子
エトワールシュー,6,踊り子
アギュトボード,6,学者
アギュトガウン,6,学者
アギュトブレーサー,6,学者
アギュトパンツ,6,学者
アギュトローファー,6,学者
ウォリアーストーン,6,アクセサリ
メレーケープ,6,アクセサリ
クレリクベルト,6,アクセサリ
ソーサラーベルト,6,アクセサリ
デュエルベルト,6,アクセサリ
アサシンケープ,6,アクセサリ
ヴァラーケープ,6,アクセサリ
アビスケープ,6,アクセサリ
モンスターベルト,6,アクセサリ
バードケープ,6,アクセサリ
スカウトベルト,6,アクセサリ
早乙女腰当,6,アクセサリ
甲賀さらし,6,アクセサリ
ウィルムベルト,6,アクセサリ
サマナーケープ,6,アクセサリ
ミラージマント,6,アクセサリ
コモドアベルト,6,アクセサリ
パンタンケープ,6,アクセサリ
エトワールケープ,6,アクセサリ
アギュトベルト,6,アクセサリ
ＷＲマスク+1,7,戦士
ＷＲロリカ+1,7,戦士
ＷＲマフラ+1,7,戦士
ＷＲクウィス+1,7,戦士
ＷＲカリガ+1,7,戦士
ＭＬクラウン+1,7,モンク
ＭＬシクラス+1,7,モンク
ＭＬグローブ+1,7,モンク
ＭＬホーズ+1,7,モンク
ＭＬゲートル+1,7,モンク
ＣＲキャップ+1,7,白魔道士
ＣＲブリオー+1,7,白魔道士
ＣＲミトン+1,7,白魔道士
ＣＲパンタロン+1,7,白魔道士
ＣＲダックビル+1,7,白魔道士
ＳＲペタソス+1,7,黒魔道士
ＳＲコート+1,7,黒魔道士
ＳＲグローブ+1,7,黒魔道士
ＳＲトンバン+1,7,黒魔道士
ＳＲサボ+1,7,黒魔道士
ＤＬシャポー+1,7,赤魔道士
ＤＬタバード+1,7,赤魔道士
ＤＬグローブ+1,7,赤魔道士
ＤＬタイツ+1,7,赤魔道士
ＤＬブーツ+1,7,赤魔道士
ＡＳボンネット+1,7,シーフ
ＡＳベスト+1,7,シーフ
ＡＳアムレット+1,7,シーフ
ＡＳキュロット+1,7,シーフ
ＡＳプーレーヌ+1,7,シーフ
ＶＬコロネット+1,7,ナイト
ＶＬサーコート+1,7,ナイト
ＶＬガントレ+1,7,ナイト
ＶＬブリーチズ+1,7,ナイト
ＶＬレギンス+1,7,ナイト
ＡＢバーゴネット+1,7,暗黒騎士
ＡＢキュイラス+1,7,暗黒騎士
ＡＢガントレット+1,7,暗黒騎士
ＡＢフランチャー+1,7,暗黒騎士
ＡＢソルレット+1,7,暗黒騎士
ＭＳヘルム+1,7,獣使い
ＭＳジャック+1,7,獣使い
ＭＳグローブ+1,7,獣使い
ＭＳトラウザ+1,7,獣使い
ＭＳゲートル+1,7,獣使い
ＢＤラウンドリト+1,7,吟遊詩人
ＢＤジュストコル+1,7,吟遊詩人
ＢＤカフス+1,7,吟遊詩人
ＢＤキャニオンズ+1,7,吟遊詩人
ＢＤスリッパー+1,7,吟遊詩人
ＳＣベレー+1,7,狩人
ＳＣジャーキン+1,7,狩人
ＳＣブレーサー+1,7,狩人
ＳＣブラッカエ+1,7,狩人
ＳＣソックス+1,7,狩人
早乙女桃形兜改,7,侍
早乙女胴丸改,7,侍
早乙女筒篭手改,7,侍
早乙女板佩楯改,7,侍
早乙女筒脛当改,7,侍
甲賀半首改,7,忍者
甲賀鎖帷子改,7,忍者
甲賀手甲改,7,忍者
甲賀袴改,7,忍者
甲賀脚絆改,7,忍者
ＷＭアーメット+1,7,竜騎士
ＷＭメイル+1,7,竜騎士
ＷＭフィンガー+1,7,竜騎士
ＷＭブレー+1,7,竜騎士
ＷＭグリーヴ+1,7,竜騎士
ＳＭホーン+1,7,召喚士
ＳＭダブレット+1,7,召喚士
ＳＭブレーサー+1,7,召喚士
ＳＭスパッツ+1,7,召喚士
ＳＭピガッシュ+1,7,召喚士
ＭＩケフィエ+1,7,青魔道士
ＭＩジュバ+1,7,青魔道士
ＭＩバズバンド+1,7,青魔道士
ＭＩシャルワー+1,7,青魔道士
ＭＩチャルク+1,7,青魔道士
ＣＭトリコルヌ+1,7,コルセア
ＣＭフラック+1,7,コルセア
ＣＭガントリー+1,7,コルセア
ＣＭトルーズ+1,7,コルセア
ＣＭブーツ+1,7,コルセア
ＰＮタージ+1,7,からくり士
ＰＮトベ+1,7,からくり士
ＰＮダスタナ+1,7,からくり士
ＰＮチュリダル+1,7,からくり士
ＰＮバブーシュ+1,7,からくり士
ＥＴティアラ+1,7,踊り子
ＥＴカザク+1,7,踊り子
ＥＴバングル+1,7,踊り子
ＥＴタイツ+1,7,踊り子
ＥＴトーシュー+1,7,踊り子
ＡＧボード+1,7,学者
ＡＧガウン+1,7,学者
ＡＧブレーサー+1,7,学者
ＡＧパンツ+1,7,学者
ＡＧローファー+1,7,学者
ラベジャーマスク,8,戦士
ラベジャーロリカ,8,戦士
ラベジャーマフラ,8,戦士
ラベジャークウィス,8,戦士
ラベジャーカリガ,8,戦士
タントラクラウン,8,モンク
タントラシクラス,8,モンク
タントラグローブ,8,モンク
タントラホーズ,8,モンク
タントラゲートル,8,モンク
オリゾンキャップ,8,白魔道士
オリゾンブリオー,8,白魔道士
オリゾンミトン,8,白魔道士
オリゾンパンタロン,8,白魔道士
オリゾンダックビル,8,白魔道士
ゴエティアペタソス,8,黒魔道士
ゴエティアコート,8,黒魔道士
ゴエティアグローブ,8,黒魔道士
ゴエティアショウス,8,黒魔道士
ゴエティアサボ,8,黒魔道士
エストクルシャペル,8,赤魔道士
エストクルサヨン,8,赤魔道士
エストクルガントロ,8,赤魔道士
エストクルフュゾー,8,赤魔道士
エストクルウゾー,8,赤魔道士
レイダーボンネット,8,シーフ
レイダーベスト,8,シーフ
レイダーアムレット,8,シーフ
レイダーキュロット,8,シーフ
レイダープーレーヌ,8,シーフ
クリードアーメット,8,ナイト
クリードキュイラス,8,ナイト
クリードガントレ,8,ナイト
クリードクウィス,8,ナイト
クリードサバトン,8,ナイト
ベイルバーゴネット,8,暗黒騎士
ベイルキュイラス,8,暗黒騎士
ベイルガントレット,8,暗黒騎士
ベイルフランチャー,8,暗黒騎士
ベイルソルレット,8,暗黒騎士
フェリンカバセ,8,獣使い
フェリンゴーザプ,8,獣使い
フェリンマノプラス,8,獣使い
フェリンキホーテ,8,獣使い
フェリンオクレア,8,獣使い
アエドキャロ,8,吟遊詩人
アエドオングルリヌ,8,吟遊詩人
アエドマンシェト,8,吟遊詩人
アエドラングラヴ,8,吟遊詩人
アエドコテュルヌ,8,吟遊詩人
シルバンガペット,8,狩人
シルバンカバン,8,狩人
シルバングロブレト,8,狩人
シルバンブラーグ,8,狩人
シルバンボティヨン,8,狩人
雲海烏帽子形兜,8,侍
雲海胴丸,8,侍
雲海筒篭手,8,侍
雲海板佩楯,8,侍
雲海筒脛当,8,侍
伊賀頭巾,8,忍者
伊賀忍着,8,忍者
伊賀手甲,8,忍者
伊賀袴,8,忍者
伊賀脚絆,8,忍者
ランサーメザイユ,8,竜騎士
ランサープラカート,8,竜騎士
ランサーバンブレス,8,竜騎士
ランサーキュイソー,8,竜騎士
ランサーシンバルド,8,竜騎士
コーラーホーン,8,召喚士
コーラーダブレット,8,召喚士
コーラーブレーサー,8,召喚士
コーラースパッツ,8,召喚士
コーラーピガッシュ,8,召喚士
マーヴィカヴク,8,青魔道士
マーヴィミンタン,8,青魔道士
マーヴィバズバンド,8,青魔道士
マーヴィタイト,8,青魔道士
マーヴィバシュマク,8,青魔道士
ナバーチトリコルヌ,8,コルセア
ナバーチフラック,8,コルセア
ナバーチガントリー,8,コルセア
ナバーチトルーズ,8,コルセア
ナバーチブーツ,8,コルセア
チルコカペッロ,8,からくり士
チルコファルセット,8,からくり士
チルコグアンティ,8,からくり士
チルコパンタローニ,8,からくり士
チルコスカルペ,8,からくり士
カリスティアラ,8,踊り子
カリスカザク,8,踊り子
カリスバングル,8,踊り子
カリスタイツ,8,踊り子
カリストーシュー,8,踊り子
サバントボネット,8,学者
サバントガウン,8,学者
サバントブレーサー,8,学者
サバントパンツ,8,学者
サバントローファー,8,学者
ラベジャーゴルジェ,8,戦士アクセ
ラベジャーオーブ,8,戦士アクセ
ラベジャーピアス,8,戦士アクセ
タントラネックレス,8,モンクアクセ
タントラタスラム,8,モンクアクセ
タントラピアス,8,モンクアクセ
オリゾンケープ,8,白魔道士アクセ
オリゾンロケット,8,白魔道士アクセ
オリゾンピアス,8,白魔道士アクセ
ゴエティアチェーン,8,黒魔道士アクセ
ゴエティアマント,8,黒魔道士アクセ
ゴエティアピアス,8,黒魔道士アクセ
エストクルカラー,8,赤魔道士アクセ
エストクルケープ,8,赤魔道士アクセ
エストクルピアス,8,赤魔道士アクセ
レイダーベルト,8,シーフアクセ
レイダーブーメラン,8,シーフアクセ
レイダーピアス,8,シーフアクセ
クリードカラー,8,ナイトアクセ
クリードボードリエ,8,ナイトアクセ
クリードピアス,8,ナイトアクセ
ベイルベルト,8,暗黒騎士アクセ
ベイルチョーカー,8,暗黒騎士アクセ
ベイルピアス,8,暗黒騎士アクセ
フェリンマント,8,獣使いアクセ
フェリンネックレス,8,獣使いアクセ
フェリンピアス,8,獣使いアクセ
アエドベルト,8,吟遊詩人アクセ
アエドマティネ,8,吟遊詩人アクセ
アエドピアス,8,吟遊詩人アクセ
シルバンスカーフ,8,狩人アクセ
シルバンクラミュス,8,狩人アクセ
シルバンピアス,8,狩人アクセ
雲海喉輪,8,侍アクセ
雲海菅蓑,8,侍アクセ
雲海耳飾,8,侍アクセ
伊賀襟巻,8,忍者アクセ
伊賀道中合羽,8,忍者アクセ
伊賀耳飾,8,忍者アクセ
ランサートルク,8,竜騎士アクセ
ランサーペルリーヌ,8,竜騎士アクセ
ランサーピアス,8,竜騎士アクセ
コーラーサッシュ,8,召喚士アクセ
コーラーペンダント,8,召喚士アクセ
コーラーピアス,8,召喚士アクセ
マーヴィスカーフ,8,青魔道士アクセ
マーヴィタスラム,8,青魔道士アクセ
マーヴィピアス,8,青魔道士アクセ
ナバーチチョーカー,8,コルセアアクセ
ナバーチマント,8,コルセアアクセ
ナバーチピアス,8,コルセアアクセ
チルコネックレス,8,からくり士アクセ
チルコサッシュ,8,からくり士アクセ
チルコピアス,8,からくり士アクセ
カリスネックレス,8,踊り子アクセ
カリスフェザー,8,踊り子アクセ
カリスピアス,8,踊り子アクセ
サバントテーシス,8,学者アクセ
サバントチェーン,8,学者アクセ
サバントピアス,8,学者アクセ
ＲＶマスク+1,9,戦士
ＲＶロリカ+1,9,戦士
ＲＶマフラ+1,9,戦士
ＲＶクウィス+1,9,戦士
ＲＶカリガ+1,9,戦士
ＴＴクラウン+1,9,モンク
ＴＴシクラス+1,9,モンク
ＴＴグローブ+1,9,モンク
ＴＴホーズ+1,9,モンク
ＴＴゲートル+1,9,モンク
ＯＲキャップ+1,9,白魔道士
ＯＲブリオー+1,9,白魔道士
ＯＲミトン+1,9,白魔道士
ＯＲパンタロン+1,9,白魔道士
ＯＲダックビル+1,9,白魔道士
ＧＴペタソス+1,9,黒魔道士
ＧＴコート+1,9,黒魔道士
ＧＴグローブ+1,9,黒魔道士
ＧＴショウス+1,9,黒魔道士
ＧＴサボ+1,9,黒魔道士
ＥＱシャペル+1,9,赤魔道士
ＥＱサヨン+1,9,赤魔道士
ＥＱガントロ+1,9,赤魔道士
ＥＱフュゾー+1,9,赤魔道士
ＥＱウゾー+1,9,赤魔道士
ＲＤボンネット+1,9,シーフ
ＲＤベスト+1,9,シーフ
ＲＤアムレット+1,9,シーフ
ＲＤキュロット+1,9,シーフ
ＲＤプーレーヌ+1,9,シーフ
ＣＤアーメット+1,9,ナイト
ＣＤキュイラス+1,9,ナイト
ＣＤガントレ+1,9,ナイト
ＣＤクウィス+1,9,ナイト
ＣＤサバトン+1,9,ナイト
ＢＬバーゴネット+1,9,暗黒騎士
ＢＬキュイラス+1,9,暗黒騎士
ＢＬガントレット+1,9,暗黒騎士
ＢＬフランチャー+1,9,暗黒騎士
ＢＬソルレット+1,9,暗黒騎士
ＦＲカバセ+1,9,獣使い
ＦＲゴーザプ+1,9,獣使い
ＦＲマノプラス+1,9,獣使い
ＦＲキホーテ+1,9,獣使い
ＦＲオクレア+1,9,獣使い
ＡＤキャロ+1,9,吟遊詩人
ＡＤオングルリヌ+1,9,吟遊詩人
ＡＤマンシェト+1,9,吟遊詩人
ＡＤラングラヴ+1,9,吟遊詩人
ＡＤコテュルヌ+1,9,吟遊詩人
ＳＹガペット+1,9,狩人
ＳＹカバン+1,9,狩人
ＳＹグロブレト+1,9,狩人
ＳＹブラーグ+1,9,狩人
ＳＹボティヨン+1,9,狩人
雲海烏帽子形兜改,9,侍
雲海胴丸改,9,侍
雲海筒篭手改,9,侍
雲海板佩楯改,9,侍
雲海筒脛当改,9,侍
伊賀頭巾改,9,忍者
伊賀忍着改,9,忍者
伊賀手甲改,9,忍者
伊賀袴改,9,忍者
伊賀脚絆改,9,忍者
ＬＣメザイユ+1,9,竜騎士
ＬＣプラカート+1,9,竜騎士
ＬＣバンブレス+1,9,竜騎士
ＬＣキュイソー+1,9,竜騎士
ＬＣシンバルド+1,9,竜騎士
ＣＬホーン+1,9,召喚士
ＣＬダブレット+1,9,召喚士
ＣＬブレーサー+1,9,召喚士
ＣＬスパッツ+1,9,召喚士
ＣＬピガッシュ+1,9,召喚士
ＭＶカヴク+1,9,青魔道士
ＭＶミンタン+1,9,青魔道士
ＭＶバズバンド+1,9,青魔道士
ＭＶタイト+1,9,青魔道士
ＭＶバシュマク+1,9,青魔道士
ＮＡトリコルヌ+1,9,コルセア
ＮＡフラック+1,9,コルセア
ＮＡガントリー+1,9,コルセア
ＮＡトルーズ+1,9,コルセア
ＮＡブーツ+1,9,コルセア
ＣＣカペッロ+1,9,からくり士
ＣＣファルセット+1,9,からくり士
ＣＣグアンティ+1,9,からくり士
ＣＣパンタローニ+1,9,からくり士
ＣＣスカルペ+1,9,からくり士
ＣＡティアラ+1,9,踊り子
ＣＡカザク+1,9,踊り子
ＣＡバングル+1,9,踊り子
ＣＡタイツ+1,9,踊り子
ＣＡトーシュー+1,9,踊り子
ＳＶボネット+1,9,学者
ＳＶガウン+1,9,学者
ＳＶブレーサー+1,9,学者
ＳＶパンツ+1,9,学者
ＳＶローファー+1,9,学者
ＲＶマスク+2,10,戦士
ＲＶロリカ+2,10,戦士
ＲＶマフラ+2,10,戦士
ＲＶクウィス+2,10,戦士
ＲＶカリガ+2,10,戦士
ＴＴクラウン+2,10,モンク
ＴＴシクラス+2,10,モンク
ＴＴグローブ+2,10,モンク
ＴＴホーズ+2,10,モンク
ＴＴゲートル+2,10,モンク
ＯＲキャップ+2,10,白魔道士
ＯＲブリオー+2,10,白魔道士
ＯＲミトン+2,10,白魔道士
ＯＲパンタロン+2,10,白魔道士
ＯＲダックビル+2,10,白魔道士
ＧＴペタソス+2,10,黒魔道士
ＧＴコート+2,10,黒魔道士
ＧＴグローブ+2,10,黒魔道士
ＧＴショウス+2,10,黒魔道士
ＧＴサボ+2,10,黒魔道士
ＥＱシャペル+2,10,赤魔道士
ＥＱサヨン+2,10,赤魔道士
ＥＱガントロ+2,10,赤魔道士
ＥＱフュゾー+2,10,赤魔道士
ＥＱウゾー+2,10,赤魔道士
ＲＤボンネット+2,10,シーフ
ＲＤベスト+2,10,シーフ
ＲＤアムレット+2,10,シーフ
ＲＤキュロット+2,10,シーフ
ＲＤプーレーヌ+2,10,シーフ
ＣＤアーメット+2,10,ナイト
ＣＤキュイラス+2,10,ナイト
ＣＤガントレ+2,10,ナイト
ＣＤクウィス+2,10,ナイト
ＣＤサバトン+2,10,ナイト
ＢＬバーゴネット+2,10,暗黒騎士
ＢＬキュイラス+2,10,暗黒騎士
ＢＬガントレット+2,10,暗黒騎士
ＢＬフランチャー+2,10,暗黒騎士
ＢＬソルレット+2,10,暗黒騎士
ＦＲカバセ+2,10,獣使い
ＦＲゴーザプ+2,10,獣使い
ＦＲマノプラス+2,10,獣使い
ＦＲキホーテ+2,10,獣使い
ＦＲオクレア+2,10,獣使い
ＡＤキャロ+2,10,吟遊詩人
ＡＤオングルリヌ+2,10,吟遊詩人
ＡＤマンシェト+2,10,吟遊詩人
ＡＤラングラヴ+2,10,吟遊詩人
ＡＤコテュルヌ+2,10,吟遊詩人
ＳＹガペット+2,10,狩人
ＳＹカバン+2,10,狩人
ＳＹグロブレト+2,10,狩人
ＳＹブラーグ+2,10,狩人
ＳＹボティヨン+2,10,狩人
真雲海烏帽子形兜,10,侍
真雲海胴丸,10,侍
真雲海筒篭手,10,侍
真雲海板佩楯,10,侍
真雲海筒脛当,10,侍
真伊賀頭巾,10,忍者
真伊賀忍着,10,忍者
真伊賀手甲,10,忍者
真伊賀袴,10,忍者
真伊賀脚絆,10,忍者
ＬＣメザイユ+2,10,竜騎士
ＬＣプラカート+2,10,竜騎士
ＬＣバンブレス+2,10,竜騎士
ＬＣキュイソー+2,10,竜騎士
ＬＣシンバルド+2,10,竜騎士
ＣＬホーン+2,10,召喚士
ＣＬダブレット+2,10,召喚士
ＣＬブレーサー+2,10,召喚士
ＣＬスパッツ+2,10,召喚士
ＣＬピガッシュ+2,10,召喚士
ＭＶカヴク+2,10,青魔道士
ＭＶミンタン+2,10,青魔道士
ＭＶバズバンド+2,10,青魔道士
ＭＶタイト+2,10,青魔道士
ＭＶバシュマク+2,10,青魔道士
ＮＡトリコルヌ+2,10,コルセア
ＮＡフラック+2,10,コルセア
ＮＡガントリー+2,10,コルセア
ＮＡトルーズ+2,10,コルセア
ＮＡブーツ+2,10,コルセア
ＣＣカペッロ+2,10,からくり士
ＣＣファルセット+2,10,からくり士
ＣＣグアンティ+2,10,からくり士
ＣＣパンタローニ+2,10,からくり士
ＣＣスカルペ+2,10,からくり士
ＣＡティアラ+2,10,踊り子
ＣＡカザク+2,10,踊り子
ＣＡバングル+2,10,踊り子
ＣＡタイツ+2,10,踊り子
ＣＡトーシュー+2,10,踊り子
ＳＶボネット+2,10,学者
ＳＶガウン+2,10,学者
ＳＶブレーサー+2,10,学者
ＳＶパンツ+2,10,学者
ＳＶローファー+2,10,学者
ワームフィーラー,11,格闘
ワームフィーラー+1,11,格闘
エスクリトリオ,11,両手槍
キッティーロッド,11,片手棍
ラウンシーワンド,11,片手棍
マエストロタクト,11,片手棍
シェルセプター,11,片手棍
ゴブリンガベル,11,片手棍
メロマーヌマレット,11,片手棍
スプリガンクラブＧ,11,片手棍
スプリガンクラブＲ,11,片手棍
スプリガンクラブＰ,11,片手棍
羽子板,11,片手棍
デカズームＭＫ-ＸＩ,11,射撃
ハッピーエッグ,11,投てき
ラッキーエッグ,11,投てき
オルペウスの卵,11,投てき
アークブレード,11,AA武器
アークタバール,11,AA武器
アークサイズ,11,AA武器
アークセイバー,11,AA武器
アークソード,11,AA武器
マンドラガード,11,盾
アケオメガード,11,盾
モーグリガード,11,盾
モーグリガード+1,11,盾
チョコシールド,11,盾
チョコシールド+1,11,盾
グリントシールド,11,盾
ハッチリンシールド,11,盾
スライムシールド,11,盾
ベスシールド,11,盾
メタスラシールド,11,盾
デストリアキャップ,11,頭装備
グラトスキャップ,11,頭装備
スノーマンキャップ,11,頭装備
モグマスク,11,頭装備
アーリマンヘッド,11,頭装備
ピラクモンヘッド,11,頭装備
チョコボマスク,11,頭装備
チョコボマスク+1,11,頭装備
コリガンベレー,11,頭装備
ボムマスク,11,頭装備
ボムマスク+1,11,頭装備
スライム帽子,11,頭装備
ベス帽子,11,頭装備
メタスラ帽子,11,頭装備
ワームマスク,11,頭装備
ワームマスク+1,11,頭装備
モグスーツ,11,胴装備
チョコボシャツ,11,胴装備
チョコボスーツ,11,胴装備
チョコボスーツ+1,11,胴装備
アラインスシャツ,11,胴装備
アラインスシャツ+1,11,胴装備
スプリガンコートＧ,11,胴装備
スプリガンコートＲ,11,胴装備
スプリガンコートＰ,11,胴装備
アラインスパンツ,11,両脚装備
アラインスブーツ,11,両足装備
チョコプラストルク,11,首装備
ラビットベルト,11,腰装備
ワームベルト,11,腰装備
マンドラゴラベルト,11,腰装備
ドローバーベルト,11,腰装備
ゴブリンベルト,11,腰装備
デトネーターベルト,11,腰装備
玉兎の帯,11,腰装備
ゴールドモグベルト,11,腰装備
シルバーモグベルト,11,腰装備
ブロンズモグベルト,11,腰装備
レッドサッシュ,11,腰装備
ダッシュサッシュ,11,腰装備
スライムピアス,11,耳装備
ベスピアス,11,耳装備
メタスラピアス,11,耳装備
トレイニーシザー,11,トレイニー
トレイニーナイフ,11,トレイニー
トレイニーニードル,11,トレイニー
トレイニーソード,11,トレイニー
トレイニーアクス,11,トレイニー
トレイニービュラン,11,トレイニー
トレイニーハンマー,11,トレイニー
トレイニーグラス,11,トレイニー
トレイニーグローブ,11,トレイニー
ノベニアルコート,11,ノベニアル
ノベニアルホーズ,11,ノベニアル
ノベニアルドレス,11,ノベニアル
ノベニアルサイハイ,11,ノベニアル
デセニアルコロナ,11,デセニアル
デセニアルコロナ+1,11,デセニアル
デセニアルコート,11,デセニアル
デセニアルコート+1,11,デセニアル
デセニアルタイツ,11,デセニアル
デセニアルタイツ+1,11,デセニアル
デセニアルバンド,11,デセニアル
デセニアルバンド+1,11,デセニアル
デセニアルドレス,11,デセニアル
デセニアルドレス+1,11,デセニアル
デセニアルホーズ,11,デセニアル
デセニアルホーズ+1,11,デセニアル
マリンジレ,11,水着
マリンジレ+1,11,水着
マリンボクサー,11,水着
マリンボクサー+1,11,水着
マリントップ,11,水着
マリントップ+1,11,水着
マリンショーツ,11,水着
マリンショーツ+1,11,水着
ウッドジレ,11,水着
ウッドジレ+1,11,水着
ウッドボクサー,11,水着
ウッドボクサー+1,11,水着
ウッドトップ,11,水着
ウッドトップ+1,11,水着
ウッドショーツ,11,水着
ウッドショーツ+1,11,水着
クリークマイヨー,11,水着
クリークマイヨー+1,11,水着
クリークボクサー,11,水着
クリークボクサー+1,11,水着
クリークトップ,11,水着
クリークトップ+1,11,水着
クリークショーツ,11,水着
クリークショーツ+1,11,水着
リバートップ,11,水着
リバーショーツ,11,水着
デューンジレ,11,水着
デューンボクサー,11,水着
彦神浴衣,11,浴衣
姫神浴衣,11,浴衣
ラステクマイヨー,11,水着
ラステクマイヨー+1,11,水着
ラステクトランク,11,水着
ラステクトランク+1,11,水着
ショールマイヨー,11,水着
ショールマイヨー+1,11,水着
ショールトランク,11,水着
ショールトランク+1,11,水着
ドリームベル,11,ドリーム
ドリームベル+1,11,ドリーム
ドリームキャップ,11,ドリーム
ドリームキャップ+1,11,ドリーム
ドリームローブ,11,ドリーム
ドリームローブ+1,11,ドリーム
ドリームミトン,11,ドリーム
ドリームミトン+1,11,ドリーム
ドリームズボン,11,ドリーム
ドリームズボン+1,11,ドリーム
ドリームパンツ,11,ドリーム
ドリームパンツ+1,11,ドリーム
ドリームブーツ,11,ドリーム
ドリームブーツ+1,11,ドリーム
皇国旗,11,調度品
王国旗,11,調度品
共和国旗,11,調度品
連邦旗,11,調度品
大公国旗,11,調度品
ポワールクラシク,11,調度品
カノーネンオフェン,11,調度品
ポットトッパー,11,調度品
守護者ＨＭの像,11,調度品
守護者ＥＶの像,11,調度品
守護者ＴＴの像,11,調度品
守護者ＭＲの像,11,調度品
守護者ＧＫの像,11,調度品
星辰儀,11,調度品
スプーキースワール,11,調度品
チョコグランプキン,11,調度品
ハーベストホラー,11,調度品
スピネット,11,調度品
クーロヌエトワール,11,調度品
シルバークランツ,11,調度品
リーフベリーリース,11,調度品
エッグステラ,11,調度品
メモリアルケーキ,11,調度品
オーケストリオン,11,調度品
テンダーブーケ,11,調度品
アダマンタスの像,11,調度品
ベヒーモスの像,11,調度品
ファヴニルの像,11,調度品
闇の王の像,11,調度品
オーディンの像,11,調度品
アレキサンダーの像,11,調度品
ナナー・ミーゴの像,11,調度品
ナナー・ミーゴ像II,11,調度品
門松,11,調度品
大門松,11,調度品
ＷＲマスク-1,12,戦士
ＷＲロリカ-1,12,戦士
ＷＲマフラ-1,12,戦士
ＷＲクウィス-1,12,戦士
ＷＲカリガ-1,12,戦士
ＭＬクラウン-1,12,モンク
ＭＬシクラス-1,12,モンク
ＭＬグローブ-1,12,モンク
ＭＬホーズ-1,12,モンク
ＭＬゲートル-1,12,モンク
ＣＲキャップ-1,12,白魔道士
ＣＲブリオー-1,12,白魔道士
ＣＲミトン-1,12,白魔道士
ＣＲパンタロン-1,12,白魔道士
ＣＲダックビル-1,12,白魔道士
ＳＲペタソス-1,12,黒魔道士
ＳＲコート-1,12,黒魔道士
ＳＲグローブ-1,12,黒魔道士
ＳＲトンバン-1,12,黒魔道士
ＳＲサボ-1,12,黒魔道士
ＤＬシャポー-1,12,赤魔道士
ＤＬタバード-1,12,赤魔道士
ＤＬグローブ-1,12,赤魔道士
ＤＬタイツ-1,12,赤魔道士
ＤＬブーツ-1,12,赤魔道士
ＡＳボンネット-1,12,シーフ
ＡＳベスト-1,12,シーフ
ＡＳアムレット-1,12,シーフ
ＡＳキュロット-1,12,シーフ
ＡＳプーレーヌ-1,12,シーフ
ＶＬコロネット-1,12,ナイト
ＶＬサーコート-1,12,ナイト
ＶＬガントレ-1,12,ナイト
ＶＬブリーチズ-1,12,ナイト
ＶＬレギンス-1,12,ナイト
ＡＢバーゴネット-1,12,暗黒騎士
ＡＢキュイラス-1,12,暗黒騎士
ＡＢガントレット-1,12,暗黒騎士
ＡＢフランチャー-1,12,暗黒騎士
ＡＢソルレット-1,12,暗黒騎士
ＭＳヘルム-1,12,獣使い
ＭＳジャック-1,12,獣使い
ＭＳグローブ-1,12,獣使い
ＭＳトラウザ-1,12,獣使い
ＭＳゲートル-1,12,獣使い
ＢＤラウンドリト-1,12,吟遊詩人
ＢＤジュストコル-1,12,吟遊詩人
ＢＤカフス-1,12,吟遊詩人
ＢＤキャニオンズ-1,12,吟遊詩人
ＢＤスリッパー-1,12,吟遊詩人
ＳＣベレー-1,12,狩人
ＳＣジャーキン-1,12,狩人
ＳＣブレーサー-1,12,狩人
ＳＣブラッカエ-1,12,狩人
ＳＣソックス-1,12,狩人
劣化早乙女桃形兜,12,侍
劣化早乙女胴丸,12,侍
劣化早乙女筒篭手,12,侍
劣化早乙女板佩楯,12,侍
劣化早乙女筒脛当,12,侍
劣化甲賀半首,12,忍者
劣化甲賀鎖帷子,12,忍者
劣化甲賀手甲,12,忍者
劣化甲賀袴,12,忍者
劣化甲賀脚絆,12,忍者
ＷＭアーメット-1,12,竜騎士
ＷＭメイル-1,12,竜騎士
ＷＭフィンガー-1,12,竜騎士
ＷＭブレー-1,12,竜騎士
ＷＭグリーヴ-1,12,竜騎士
ＳＭホーン-1,12,召喚士
ＳＭダブレット-1,12,召喚士
ＳＭブレーサー-1,12,召喚士
ＳＭスパッツ-1,12,召喚士
ＳＭピガッシュ-1,12,召喚士
ＭＩケフィエ-1,12,青魔道士
ＭＩジュバ-1,12,青魔道士
ＭＩバズバンド-1,12,青魔道士
ＭＩシャルワー-1,12,青魔道士
ＭＩチャルク-1,12,青魔道士
ＣＭトリコルヌ-1,12,コルセア
ＣＭフラック-1,12,コルセア
ＣＭガントリー-1,12,コルセア
ＣＭトルーズ-1,12,コルセア
ＣＭブーツ-1,12,コルセア
ＰＮタージ-1,12,からくり士
ＰＮトベ-1,12,からくり士
ＰＮダスタナ-1,12,からくり士
ＰＮチュリダル-1,12,からくり士
ＰＮバブーシュ-1,12,からくり士
ＥＴティアラ-1,12,踊り子
ＥＴカザク-1,12,踊り子
ＥＴバングル-1,12,踊り子
ＥＴタイツ-1,12,踊り子
ＥＴトーシュー-1,12,踊り子
ＡＧボード-1,12,学者
ＡＧガウン-1,12,学者
ＡＧブレーサー-1,12,学者
ＡＧパンツ-1,12,学者
ＡＧローファー-1,12,学者
ＷＲマスク+2,13,戦士
ＷＲロリカ+2,13,戦士
ＷＲマフラ+2,13,戦士
ＷＲクウィス+2,13,戦士
ＷＲカリガ+2,13,戦士
ＭＬクラウン+2,13,モンク
ＭＬシクラス+2,13,モンク
ＭＬグローブ+2,13,モンク
ＭＬホーズ+2,13,モンク
ＭＬゲートル+2,13,モンク
ＣＲキャップ+2,13,白魔道士
ＣＲブリオー+2,13,白魔道士
ＣＲミトン+2,13,白魔道士
ＣＲパンタロン+2,13,白魔道士
ＣＲダックビル+2,13,白魔道士
ＳＲペタソス+2,13,黒魔道士
ＳＲコート+2,13,黒魔道士
ＳＲグローブ+2,13,黒魔道士
ＳＲトンバン+2,13,黒魔道士
ＳＲサボ+2,13,黒魔道士
ＤＬシャポー+2,13,赤魔道士
ＤＬタバード+2,13,赤魔道士
ＤＬグローブ+2,13,赤魔道士
ＤＬタイツ+2,13,赤魔道士
ＤＬブーツ+2,13,赤魔道士
ＡＳボンネット+2,13,シーフ
ＡＳベスト+2,13,シーフ
ＡＳアムレット+2,13,シーフ
ＡＳキュロット+2,13,シーフ
ＡＳプーレーヌ+2,13,シーフ
ＶＬコロネット+2,13,ナイト
ＶＬサーコート+2,13,ナイト
ＶＬガントレ+2,13,ナイト
ＶＬブリーチズ+2,13,ナイト
ＶＬレギンス+2,13,ナイト
ＡＢバーゴネット+2,13,暗黒騎士
ＡＢキュイラス+2,13,暗黒騎士
ＡＢガントレット+2,13,暗黒騎士
ＡＢフランチャー+2,13,暗黒騎士
ＡＢソルレット+2,13,暗黒騎士
ＭＳヘルム+2,13,獣使い
ＭＳジャック+2,13,獣使い
ＭＳグローブ+2,13,獣使い
ＭＳトラウザ+2,13,獣使い
ＭＳゲートル+2,13,獣使い
ＢＤラウンドリト+2,13,吟遊詩人
ＢＤジュストコル+2,13,吟遊詩人
ＢＤカフス+2,13,吟遊詩人
ＢＤキャニオンズ+2,13,吟遊詩人
ＢＤスリッパー+2,13,吟遊詩人
ＳＣベレー+2,13,狩人
ＳＣジャーキン+2,13,狩人
ＳＣブレーサー+2,13,狩人
ＳＣブラッカエ+2,13,狩人
ＳＣソックス+2,13,狩人
真早乙女桃形兜,13,侍
真早乙女胴丸,13,侍
真早乙女筒篭手,13,侍
真早乙女板佩楯,13,侍
真早乙女筒脛当,13,侍
真甲賀半首,13,忍者
真甲賀鎖帷子,13,忍者
真甲賀手甲,13,忍者
真甲賀袴,13,忍者
真甲賀脚絆,13,忍者
ＷＭアーメット+2,13,竜騎士
ＷＭメイル+2,13,竜騎士
ＷＭフィンガー+2,13,竜騎士
ＷＭブレー+2,13,竜騎士
ＷＭグリーヴ+2,13,竜騎士
ＳＭホーン+2,13,召喚士
ＳＭダブレット+2,13,召喚士
ＳＭブレーサー+2,13,召喚士
ＳＭスパッツ+2,13,召喚士
ＳＭピガッシュ+2,13,召喚士
ＭＩケフィエ+2,13,青魔道士
ＭＩジュバ+2,13,青魔道士
ＭＩバズバンド+2,13,青魔道士
ＭＩシャルワー+2,13,青魔道士
ＭＩチャルク+2,13,青魔道士
ＣＭトリコルヌ+2,13,コルセア
ＣＭフラック+2,13,コルセア
ＣＭガントリー+2,13,コルセア
ＣＭトルーズ+2,13,コルセア
ＣＭブーツ+2,13,コルセア
ＰＮタージ+2,13,からくり士
ＰＮトベ+2,13,からくり士
ＰＮダスタナ+2,13,からくり士
ＰＮチュリダル+2,13,からくり士
ＰＮバブーシュ+2,13,からくり士
ＥＴティアラ+2,13,踊り子
ＥＴカザク+2,13,踊り子
ＥＴバングル+2,13,踊り子
ＥＴタイツ+2,13,踊り子
ＥＴトーシュー+2,13,踊り子
ＡＧボード+2,13,学者
ＡＧガウン+2,13,学者
ＡＧブレーサー+2,13,学者
ＡＧパンツ+2,13,学者
ＡＧローファー+2,13,学者
ポルキスサラド,14,ナイズルII
ポルキスコラジン,14,ナイズルII
ポルキスマノポラ,14,ナイズルII
ポルキスディル,14,ナイズルII
ポルキスシュー,14,ナイズルII
タウマスハット,14,ナイズルII
タウマスコート,14,ナイズルII
タウマスリスト,14,ナイズルII
タウマスケックス,14,ナイズルII
タウマスネール,14,ナイズルII
ナレスシャポー,14,ナイズルII
ナレスサイオ,14,ナイズルII
ナレスカフス,14,ナイズルII
ナレストルーズ,14,ナイズルII
ナレスクロッグ,14,ナイズルII
ヘルヤフォーク,14,エインII
ヘイムダルドゥーム,14,エインII
レイラドルヘルム,14,エインII
レイラドルブレスト,14,エインII
ＡＲマスク+1,14,サルベージII
ＡＲキュイラス+1,14,サルベージII
ＡＲガントレット+1,14,サルベージII
ＡＲフランチャー+1,14,サルベージII
ＡＲソルレット+1,14,サルベージII
ＳＫバイザー+1,14,サルベージII
ＳＫクウィリ+1,14,サルベージII
ＳＫバズバンド+1,14,サルベージII
ＳＫショウス+1,14,サルベージII
ＳＫジャンボー+1,14,サルベージII
薄金総面改,14,サルベージII
薄金腹巻改,14,サルベージII
薄金篭手改,14,サルベージII
薄金膝甲改,14,サルベージII
薄金脛当改,14,サルベージII
ＭＫティアラ+1,14,サルベージII
ＭＫジュバ+1,14,サルベージII
ＭＫダスタナ+1,14,サルベージII
ＭＫシャルワ+1,14,サルベージII
ＭＫクラッコ+1,14,サルベージII
ＭＯコロナル+1,14,サルベージII
ＭＯローブ+1,14,サルベージII
ＭＯカフス+1,14,サルベージII
ＭＯスロップス+1,14,サルベージII
ＭＯピガッシュ+1,14,サルベージII
ケールマスク,14,サルベージII
ケールキュイラス,14,サルベージII
ケールガントレット,14,サルベージII
ケールフランチャー,14,サルベージII
ケールソルレット,14,サルベージII
シギュンバイザー,14,サルベージII
シギュンクウィリ,14,サルベージII
シギュンバズバンド,14,サルベージII
シギュンショウス,14,サルベージII
シギュンジャンボー,14,サルベージII
沢瀉総面,14,サルベージII
沢瀉腹巻,14,サルベージII
沢瀉篭手,14,サルベージII
沢瀉膝甲,14,サルベージII
沢瀉脛当,14,サルベージII
ナブーティアラ,14,サルベージII
ナブージュバ,14,サルベージII
ナブーダスタナ,14,サルベージII
ナブーシャルワ,14,サルベージII
ナブークラッコ,14,サルベージII
フェアコロナル,14,サルベージII
フェアローブ,14,サルベージII
フェアカフス,14,サルベージII
フェアスロップス,14,サルベージII
フェアピガッシュ,14,サルベージII
アテーマスク,14,サルベージII
アテーキュイラス,14,サルベージII
アテーガントレット,14,サルベージII
アテーフランチャー,14,サルベージII
アテーソルレット,14,サルベージII
イジマスク,14,サルベージII
イジジャーキン,14,サルベージII
イジグローブ,14,サルベージII
イジトラウザ,14,サルベージII
イジレデルセン,14,サルベージII
源太兜,14,サルベージII
源太腹当,14,サルベージII
源太篭手,14,サルベージII
源太の袴,14,サルベージII
源太脛当,14,サルベージII
ナムルーティアラ,14,サルベージII
ナムルージュバ,14,サルベージII
ナムルーダスタナ,14,サルベージII
ナムルーシャルワ,14,サルベージII
ナムルークラッコ,14,サルベージII
ネイトクラウン,14,サルベージII
ネイトコート,14,サルベージII
ネイトカフス,14,サルベージII
ネイトスロップス,14,サルベージII
ネイトピガッシュ,14,サルベージII
ヘルボルガレア,14,ドメイン
ヘルボルオーベール,14,ドメイン
ヘルボルムフル,14,ドメイン
ヘルボルブエレット,14,ドメイン
ヘルボルソルレット,14,ドメイン
ハイドレマスク,14,ドメイン
ハイドレハーネス,14,ドメイン
ハイドレグローブ,14,ドメイン
ハイドレブレー,14,ドメイン
ハイドレブーツ,14,ドメイン
アンガティルベレー,14,ドメイン
アンガティルローブ,14,ドメイン
アンガティルミトン,14,ドメイン
アンガティルタイツ,14,ドメイン
アンガティルブーツ,14,ドメイン
ボルスパナックル,14,ドメイン武器
ボルスパナイフ,14,ドメイン武器
ボルスパソード,14,ドメイン武器
ボルスパブレード,14,ドメイン武器
ボルスパピック,14,ドメイン武器
ボルスパチョッパー,14,ドメイン武器
ボルスパサイズ,14,ドメイン武器
ボルスパランス,14,ドメイン武器
ボルスパカタナ,14,ドメイン武器
ボルスパタチ,14,ドメイン武器
ボルスパハンマー,14,ドメイン武器
ボルスパポール,14,ドメイン武器
ボルスパボウ,14,ドメイン武器
ボルスパガン,14,ドメイン武器
ボルスパグリップ,14,ドメイン武器
ボルスパシールド,14,ドメイン武器
パメラーマスク,15,戦士
パメラーロリカ,15,戦士
パメラーマフラ,15,戦士
パメラークウィス,15,戦士
パメラーカリガ,15,戦士
アンコリトクラウン,15,モンク
アンコリトシクラス,15,モンク
アンコリトグローブ,15,モンク
アンコリトホーズ,15,モンク
アンコリトゲートル,15,モンク
セオフニキャップ,15,白魔道士
セオフニブリオー,15,白魔道士
セオフニミトン,15,白魔道士
セオフニパンタロン,15,白魔道士
セオフニダックビル,15,白魔道士
スピコナペタソス,15,黒魔道士
スピコナコート,15,黒魔道士
スピコナグローブ,15,黒魔道士
スピコナトンバン,15,黒魔道士
スピコナサボ,15,黒魔道士
アトロピシャポー,15,赤魔道士
アトロピタバード,15,赤魔道士
アトロピグローブ,15,赤魔道士
アトロピタイツ,15,赤魔道士
アトロピブーツ,15,赤魔道士
ピレジャボンネット,15,シーフ
ピレジャベスト,15,シーフ
ピレジャアムレット,15,シーフ
ピレジャキュロット,15,シーフ
ピレジャプーレーヌ,15,シーフ
レベランコロネット,15,ナイト
レベランサーコート,15,ナイト
レベランガントレ,15,ナイト
レベランブリーチズ,15,ナイト
レベランレギンス,15,ナイト
イグニムバゴネット,15,暗黒騎士
イグニムキュイラス,15,暗黒騎士
イグニムガントレ,15,暗黒騎士
イグニムフランチャ,15,暗黒騎士
イグニムソルレット,15,暗黒騎士
トテミクヘルム,15,獣使い
トテミクジャック,15,獣使い
トテミクグローブ,15,獣使い
トテミクトラウザ,15,獣使い
トテミクゲートル,15,獣使い
ブリオソランドリト,15,吟遊詩人
ブリオソジュスト,15,吟遊詩人
ブリオソカフス,15,吟遊詩人
ブリオソキャニオン,15,吟遊詩人
ブリオソスリッパー,15,吟遊詩人
オリオンベレー,15,狩人
オリオンジャーキン,15,狩人
オリオンブレーサー,15,狩人
オリオンブラッカエ,15,狩人
オリオンソックス,15,狩人
脇戸桃形兜,15,侍
脇戸胴丸,15,侍
脇戸筒篭手,15,侍
脇戸板佩楯,15,侍
脇戸筒脛当,15,侍
蜂屋半首,15,忍者
蜂屋鎖帷子,15,忍者
蜂屋手甲,15,忍者
蜂屋袴,15,忍者
蜂屋脚絆,15,忍者
ビシャプアーメット,15,竜騎士
ビシャプメイル,15,竜騎士
ビシャプフィンガー,15,竜騎士
ビシャプブレー,15,竜騎士
ビシャプグリーヴ,15,竜騎士
コンボカホーン,15,召喚士
コンボカダブレット,15,召喚士
コンボカブレーサー,15,召喚士
コンボカスパッツ,15,召喚士
コンボカピガッシュ,15,召喚士
アシムレケフィエ,15,青魔道士
アシムレジュバ,15,青魔道士
アシムレバズバンド,15,青魔道士
アシムレシャルワー,15,青魔道士
アシムレチャルク,15,青魔道士
ラクサマトリコルヌ,15,コルセア
ラクサマフラック,15,コルセア
ラクサマガントリー,15,コルセア
ラクサマトルーズ,15,コルセア
ラクサマブーツ,15,コルセア
フォワルタージ,15,からくり士
フォワルトベ,15,からくり士
フォワルダスタナ,15,からくり士
フォワルチュリダル,15,からくり士
フォワルバブーシュ,15,からくり士
マシシティアラ,15,踊り子
マシシカザク,15,踊り子
マシシバングル,15,踊り子
マシシタイツ,15,踊り子
マシシトーシュー,15,踊り子
アカデミボード,15,学者
アカデミガウン,15,学者
アカデミブレーサー,15,学者
アカデミパンツ,15,学者
アカデミローファー,15,学者
ＰＭマスク+1,16,戦士
ＰＭロリカ+1,16,戦士
ＰＭマフラ+1,16,戦士
ＰＭクウィス+1,16,戦士
ＰＭカリガ+1,16,戦士
ＡＮクラウン+1,16,モンク
ＡＮシクラス+1,16,モンク
ＡＮグローブ+1,16,モンク
ＡＮホーズ+1,16,モンク
ＡＮゲートル+1,16,モンク
ＴＥキャップ+1,16,白魔道士
ＴＥブリオー+1,16,白魔道士
ＴＥミトン+1,16,白魔道士
ＴＥパンタロン+1,16,白魔道士
ＴＥダックビル+1,16,白魔道士
ＳＰペタソス+1,16,黒魔道士
ＳＰコート+1,16,黒魔道士
ＳＰグローブ+1,16,黒魔道士
ＳＰトンバン+1,16,黒魔道士
ＳＰサボ+1,16,黒魔道士
ＡＴシャポー+1,16,赤魔道士
ＡＴタバード+1,16,赤魔道士
ＡＴグローブ+1,16,赤魔道士
ＡＴタイツ+1,16,赤魔道士
ＡＴブーツ+1,16,赤魔道士
ＰＬボンネット+1,16,シーフ
ＰＬベスト+1,16,シーフ
ＰＬアムレット+1,16,シーフ
ＰＬキュロット+1,16,シーフ
ＰＬプーレーヌ+1,16,シーフ
ＲＶコロネット+1,16,ナイト
ＲＶサーコート+1,16,ナイト
ＲＶガントレ+1,16,ナイト
ＲＶブリーチズ+1,16,ナイト
ＲＶレギンス+1,16,ナイト
ＩＧバゴネット+1,16,暗黒騎士
ＩＧキュイラス+1,16,暗黒騎士
ＩＧガントレ+1,16,暗黒騎士
ＩＧフランチャ+1,16,暗黒騎士
ＩＧソルレット+1,16,暗黒騎士
ＴＯヘルム+1,16,獣使い
ＴＯジャック+1,16,獣使い
ＴＯグローブ+1,16,獣使い
ＴＯトラウザ+1,16,獣使い
ＴＯゲートル+1,16,獣使い
ＢＲランドリト+1,16,吟遊詩人
ＢＲジュスト+1,16,吟遊詩人
ＢＲカフス+1,16,吟遊詩人
ＢＲキャニオン+1,16,吟遊詩人
ＢＲスリッパー+1,16,吟遊詩人
ＯＲベレー+1,16,狩人
ＯＲジャーキン+1,16,狩人
ＯＲブレーサー+1,16,狩人
ＯＲブラッカエ+1,16,狩人
ＯＲソックス+1,16,狩人
脇戸桃形兜改,16,侍
脇戸胴丸改,16,侍
脇戸筒篭手改,16,侍
脇戸板佩楯改,16,侍
脇戸筒脛当改,16,侍
蜂屋半首改,16,忍者
蜂屋鎖帷子改,16,忍者
蜂屋手甲改,16,忍者
蜂屋袴改,16,忍者
蜂屋脚絆改,16,忍者
ＶＳアーメット+1,16,竜騎士
ＶＳメイル+1,16,竜騎士
ＶＳフィンガー+1,16,竜騎士
ＶＳブレー+1,16,竜騎士
ＶＳグリーヴ+1,16,竜騎士
ＣＮホーン+1,16,召喚士
ＣＮダブレット+1,16,召喚士
ＣＮブレーサー+1,16,召喚士
ＣＮスパッツ+1,16,召喚士
ＣＮピガッシュ+1,16,召喚士
ＡＳケフィエ+1,16,青魔道士
ＡＳジュバ+1,16,青魔道士
ＡＳバズバンド+1,16,青魔道士
ＡＳシャルワー+1,16,青魔道士
ＡＳチャルク+1,16,青魔道士
ＬＫトリコルヌ+1,16,コルセア
ＬＫフラック+1,16,コルセア
ＬＫガントリー+1,16,コルセア
ＬＫトルーズ+1,16,コルセア
ＬＫブーツ+1,16,コルセア
ＦＯタージ+1,16,からくり士
ＦＯトベ+1,16,からくり士
ＦＯダスタナ+1,16,からくり士
ＦＯチュリダル+1,16,からくり士
ＦＯバブーシュ+1,16,からくり士
ＭＸティアラ+1,16,踊り子
ＭＸカザク+1,16,踊り子
ＭＸバングル+1,16,踊り子
ＭＸタイツ+1,16,踊り子
ＭＸトーシュー+1,16,踊り子
ＡＣボード+1,16,学者
ＡＣガウン+1,16,学者
ＡＣブレーサー+1,16,学者
ＡＣパンツ+1,16,学者
ＡＣローファー+1,16,学者
ＧＯガレーロ+1,16,風水士
ＧＯチュニック+1,16,風水士
ＧＯミテーヌ+1,16,風水士
ＧＯパンツ+1,16,風水士
ＧＯサンダル+1,16,風水士
ＲＮバンド+1,16,魔導剣士
ＲＮコート+1,16,魔導剣士
ＲＮミトン+1,16,魔導剣士
ＲＮトラウザ+1,16,魔導剣士
ＲＮブーツ+1,16,魔導剣士
アゴージマスク,17,戦士
アゴージロリカ,17,戦士
アゴージマフラ,17,戦士
アゴージクウィス,17,戦士
アゴージカリガ,17,戦士
ヘシカスクラウン,17,モンク
ヘシカスシクラス,17,モンク
ヘシカスグローブ,17,モンク
ヘシカスホーズ,17,モンク
ヘシカスゲートル,17,モンク
パエティキャップ,17,白魔道士
パエティブリオー,17,白魔道士
パエティミトン,17,白魔道士
パエティパンタロン,17,白魔道士
パエティダックビル,17,白魔道士
アークペタソス,17,黒魔道士
アークコート,17,黒魔道士
アークグローブ,17,黒魔道士
アークトンバン,17,黒魔道士
アークサボ,17,黒魔道士
ヴィティシャポー,17,赤魔道士
ヴィティタバード,17,赤魔道士
ヴィティグローブ,17,赤魔道士
ヴィティタイツ,17,赤魔道士
ヴィティブーツ,17,赤魔道士
プランダボンネット,17,シーフ
プランダベスト,17,シーフ
プランダアムレット,17,シーフ
プランダキュロット,17,シーフ
プランダプーレーヌ,17,シーフ
カバラリコロネット,17,ナイト
カバラリサーコート,17,ナイト
カバラリガントレ,17,ナイト
カバラリブリーチズ,17,ナイト
カバラリレギンス,17,ナイト
ファレバーゴネット,17,暗黒騎士
ファレキュイラス,17,暗黒騎士
ファレガントレット,17,暗黒騎士
ファレフランチャー,17,暗黒騎士
ファレソルレット,17,暗黒騎士
アンクサヘルム,17,獣使い
アンクサジャック,17,獣使い
アンクサグローブ,17,獣使い
アンクサトラウザ,17,獣使い
アンクサゲートル,17,獣使い
ビフラウンドリト,17,吟遊詩人
ビフジュストコル,17,吟遊詩人
ビフカフス,17,吟遊詩人
ビフキャニオンズ,17,吟遊詩人
ビフスリッパー,17,吟遊詩人
アルケベレー,17,狩人
アルケジャーキン,17,狩人
アルケブレーサー,17,狩人
アルケブラッカエ,17,狩人
アルケソックス,17,狩人
左近士桃形兜,17,侍
左近士胴丸,17,侍
左近士筒篭手,17,侍
左近士板佩楯,17,侍
左近士筒脛当,17,侍
望月半首,17,忍者
望月鎖帷子,17,忍者
望月手甲,17,忍者
望月袴,17,忍者
望月脚絆,17,忍者
テロスレアーメット,17,竜騎士
テロスレメイル,17,竜騎士
テロスレフィンガー,17,竜騎士
テロスレブレー,17,竜騎士
テロスレグリーヴ,17,竜騎士
グリフホーン,17,召喚士
グリフダブレット,17,召喚士
グリフブレーサー,17,召喚士
グリフスパッツ,17,召喚士
グリフピガッシュ,17,召喚士
ルラーザケフィエ,17,青魔道士
ルラーザジュバ,17,青魔道士
ルラーザバズバンド,17,青魔道士
ルラーザシャルワー,17,青魔道士
ルラーザチャルク,17,青魔道士
ラヌントリコルヌ,17,コルセア
ラヌンフラック,17,コルセア
ラヌンガントリー,17,コルセア
ラヌントルーズ,17,コルセア
ラヌンブーツ,17,コルセア
ピトルタージ,17,からくり士
ピトルトベ,17,からくり士
ピトルダスタナ,17,からくり士
ピトルチュリダル,17,からくり士
ピトルバブーシュ,17,からくり士
ホロスティアラ,17,踊り子
ホロスカザク,17,踊り子
ホロスバングル,17,踊り子
ホロスタイツ,17,踊り子
ホロストーシュー,17,踊り子
ペダゴギボード,17,学者
ペダゴギガウン,17,学者
ペダゴギブレーサー,17,学者
ペダゴギパンツ,17,学者
ペダゴギローファー,17,学者
バグアガレーロ,17,風水士
バグアチュニック,17,風水士
バグアミテーヌ,17,風水士
バグアパンツ,17,風水士
バグアサンダル,17,風水士
フサルクバンド,17,魔導剣士
フサルクコート,17,魔導剣士
フサルクミトン,17,魔導剣士
フサルクトラウザ,17,魔導剣士
フサルクブーツ,17,魔導剣士
ＡＧマスク+1,18,戦士
ＡＧロリカ+1,18,戦士
ＡＧマフラ+1,18,戦士
ＡＧクウィス+1,18,戦士
ＡＧカリガ+1,18,戦士
ＨＥクラウン+1,18,モンク
ＨＥシクラス+1,18,モンク
ＨＥグローブ+1,18,モンク
ＨＥホーズ+1,18,モンク
ＨＥゲートル+1,18,モンク
ＰＩキャップ+1,18,白魔道士
ＰＩブリオー+1,18,白魔道士
ＰＩミトン+1,18,白魔道士
ＰＩパンタロン+1,18,白魔道士
ＰＩダックビル+1,18,白魔道士
ＡＲペタソス+1,18,黒魔道士
ＡＲコート+1,18,黒魔道士
ＡＲグローブ+1,18,黒魔道士
ＡＲトンバン+1,18,黒魔道士
ＡＲサボ+1,18,黒魔道士
ＶＩシャポー+1,18,赤魔道士
ＶＩタバード+1,18,赤魔道士
ＶＩグローブ+1,18,赤魔道士
ＶＩタイツ+1,18,赤魔道士
ＶＩブーツ+1,18,赤魔道士
ＰＤボンネット+1,18,シーフ
ＰＤベスト+1,18,シーフ
ＰＤアムレット+1,18,シーフ
ＰＤキュロット+1,18,シーフ
ＰＤプーレーヌ+1,18,シーフ
ＣＢコロネット+1,18,ナイト
ＣＢサーコート+1,18,ナイト
ＣＢガントレ+1,18,ナイト
ＣＢブリーチズ+1,18,ナイト
ＣＢレギンス+1,18,ナイト
ＦＬバーゴネット+1,18,暗黒騎士
ＦＬキュイラス+1,18,暗黒騎士
ＦＬガントレット+1,18,暗黒騎士
ＦＬフランチャー+1,18,暗黒騎士
ＦＬソルレット+1,18,暗黒騎士
ＡＫヘルム+1,18,獣使い
ＡＫジャック+1,18,獣使い
ＡＫグローブ+1,18,獣使い
ＡＫトラウザ+1,18,獣使い
ＡＫゲートル+1,18,獣使い
ＢＩラウンドリト+1,18,吟遊詩人
ＢＩジュストコル+1,18,吟遊詩人
ＢＩカフス+1,18,吟遊詩人
ＢＩキャニオンズ+1,18,吟遊詩人
ＢＩスリッパー+1,18,吟遊詩人
ＡＲベレー+1,18,狩人
ＡＲジャーキン+1,18,狩人
ＡＲブレーサー+1,18,狩人
ＡＲブラッカエ+1,18,狩人
ＡＲソックス+1,18,狩人
左近士桃形兜改,18,侍
左近士胴丸改,18,侍
左近士筒篭手改,18,侍
左近士板佩楯改,18,侍
左近士筒脛当改,18,侍
望月半首改,18,忍者
望月鎖帷子改,18,忍者
望月手甲改,18,忍者
望月袴改,18,忍者
望月脚絆改,18,忍者
ＰＴアーメット+1,18,竜騎士
ＰＴメイル+1,18,竜騎士
ＰＴフィンガー+1,18,竜騎士
ＰＴブレー+1,18,竜騎士
ＰＴグリーヴ+1,18,竜騎士
ＧＬホーン+1,18,召喚士
ＧＬダブレット+1,18,召喚士
ＧＬブレーサー+1,18,召喚士
ＧＬスパッツ+1,18,召喚士
ＧＬピガッシュ+1,18,召喚士
ＬＬケフィエ+1,18,青魔道士
ＬＬジュバ+1,18,青魔道士
ＬＬバズバンド+1,18,青魔道士
ＬＬシャルワー+1,18,青魔道士
ＬＬチャルク+1,18,青魔道士
ＬＡトリコルヌ+1,18,コルセア
ＬＡフラック+1,18,コルセア
ＬＡガントリー+1,18,コルセア
ＬＡトルーズ+1,18,コルセア
ＬＡブーツ+1,18,コルセア
ＰＩタージ+1,18,からくり士
ＰＩトベ+1,18,からくり士
ＰＩダスタナ+1,18,からくり士
ＰＩチュリダル+1,18,からくり士
ＰＩバブーシュ+1,18,からくり士
ＨＯティアラ+1,18,踊り子
ＨＯカザク+1,18,踊り子
ＨＯバングル+1,18,踊り子
ＨＯタイツ+1,18,踊り子
ＨＯトーシュー+1,18,踊り子
ＰＤボード+1,18,学者
ＰＤガウン+1,18,学者
ＰＤブレーサー+1,18,学者
ＰＤパンツ+1,18,学者
ＰＤローファー+1,18,学者
ＢＡガレーロ+1,18,風水士
ＢＡチュニック+1,18,風水士
ＢＡミテーヌ+1,18,風水士
ＢＡパンツ+1,18,風水士
ＢＡサンダル+1,18,風水士
ＦＵバンド+1,18,魔導剣士
ＦＵコート+1,18,魔導剣士
ＦＵミトン+1,18,魔導剣士
ＦＵトラウザ+1,18,魔導剣士
ＦＵブーツ+1,18,魔導剣士
エクスカリパー,19,片手剣
エクスカリパーII,19,片手剣
九夏団扇,19,片手棍
九夏団扇+1,19,片手棍
リフキンバッパー,19,片手棍
リフキンバッパー+1,19,片手棍
ハートビーター,19,片手棍
ハートビーター+1,19,片手棍
ハートストッパー,19,片手棍
ハートストッパー+1,19,片手棍
マリスマッシャー,19,両手棍
マリスマッシャー+1,19,両手棍
モルボルシールド,19,盾
キャシーシールド,19,盾
ケットガード,19,盾
ケットガード+1,19,盾
ゴブマスク,19,頭装備
グリーンモグマスク,19,頭装備
モルボルキャップ,19,頭装備
キャシーキャップ,19,頭装備
フランマスク,19,頭装備
フランマスク+1,19,頭装備
マンドラマスク,19,頭装備
マンドラマスク+1,19,頭装備
リコポンマスク,19,頭装備
リコポンマスク+1,19,頭装備
ケットキャップ,19,頭装備
ケットキャップ+1,19,頭装備
フロスティキャップ,19,頭装備
シープキャップ,19,頭装備
シープキャップ+1,19,頭装備
リフキンキャップ,19,頭装備
リフキンキャップ+1,19,頭装備
コローラ,19,頭装備
セレストキャップ,19,頭装備
ラビットキャップ,19,頭装備
尚武鳳凰兜,19,頭装備
ベヒーモスマスク,19,頭装備
ベヒーモスマスク+1,19,頭装備
エージェントフード,19,頭装備
スターレトフラワー,19,頭装備
カービーキャップ,19,頭装備
カービーキャップ+1,19,頭装備
バファローキャップ,19,頭装備
バハムートヘッド,19,頭装備
バハムートヘッド+1,19,頭装備
ゴブスーツ,19,胴装備
グリーンモグスーツ,19,胴装備
牽牛法被,19,胴装備
織女法被,19,胴装備
マンドラスーツ,19,胴装備
マンドラスーツ+1,19,胴装備
ハートエプロン,19,胴装備
ハートエプロン+1,19,胴装備
ピュピルシャツ,19,胴装備
ベヒーモススーツ,19,胴装備
ベヒーモススーツ+1,19,胴装備
ポロッゴコート,19,胴装備
ポロッゴコート+1,19,胴装備
ピュピルカミーサ,19,胴装備
タ・モコ,19,胴装備
タ・モコ+1,19,胴装備
コシートップ,19,胴装備
コシートップ+1,19,胴装備
エージェントコート,19,胴装備
スターレトジャボ,19,胴装備
トラックシャツ,19,胴装備
トラックシャツ+1,19,胴装備
ボチュルススーツ,19,胴装備
ボチュルススーツ+1,19,胴装備
バハムートスーツ,19,胴装備
バハムートスーツ+1,19,胴装備
エージェントカフス,19,両手装備
スターレトグローブ,19,両手装備
牽牛半股引,19,両脚装備
織女半股引,19,両脚装備
ピュピルトラウザ,19,両脚装備
スイミングトグス,19,両脚装備
スイミングトグス+1,19,両脚装備
コシーボトム,19,両脚装備
コシーボトム+1,19,両脚装備
エージェントパンツ,19,両脚装備
スターレトスカート,19,両脚装備
トラックパンツ,19,両脚装備
トラックパンツ+1,19,両脚装備
モルボルサブリガ,19,両脚装備
ピュピルシューズ,19,両足装備
エージェントブーツ,19,両足装備
スターレトブーツ,19,両足装備
フィッシャトルク,19,首装備
木彫師トルク,19,首装備
鍛冶師トルク,19,首装備
彫金師トルク,19,首装備
裁縫師トルク,19,首装備
革細工師トルク,19,首装備
骨彫師トルク,19,首装備
錬金術師トルク,19,首装備
調理師トルク,19,首装備
カーディアンの像,19,調度品
アトモスの像,19,調度品
グゥーブーの像,19,調度品
審判の日,19,調度品
アルザダールデスク,19,調度品
双葉の音楽家,19,調度品
森の住人,19,調度品
若姫の微笑,19,調度品
第16代聖皇,19,調度品
天真爛漫,19,調度品
結晶の守り人,19,調度品
トップダンサー,19,調度品
連邦の黒い悪魔,19,調度品
東の武士,19,調度品
隻眼の女将軍,19,調度品
銃士紅一点,19,調度品
子羊の像,19,調度品
子羊の像II,19,調度品
招き猫,19,調度品
桜,19,調度品
囲炉裏,19,調度品
ヴァナクロック,19,調度品
ハーベストペストリ,19,調度品
ウエーダー,19,職人装備
木工軍手,19,職人装備
耐熱ミトン,19,職人装備
遮光眼鏡,19,職人装備
拡大眼鏡,19,職人装備
革工手袋,19,職人装備
防塵眼鏡,19,職人装備
カドゥケウス,19,職人装備
衛生帽子,19,職人装備
漁師エプロン,19,職人装備
木彫師エプロン,19,職人装備
鍛冶師エプロン,19,職人装備
彫金師エプロン,19,職人装備
裁縫師エプロン,19,職人装備
革細工師エプロン,19,職人装備
骨彫師エプロン,19,職人装備
錬金術師エプロン,19,職人装備
調理師エプロン,19,職人装備
漁師スモック,19,職人装備
木彫師スモック,19,職人装備
鍛冶師スモック,19,職人装備
彫金師スモック,19,職人装備
裁縫師スモック,19,職人装備
革細工師スモック,19,職人装備
骨彫師スモック,19,職人装備
錬金術師スモック,19,職人装備
調理師スモック,19,職人装備
初志の指輪：木工,19,指輪
初志の指輪：鍛冶,19,指輪
初志の指輪：彫金,19,指輪
初志の指輪：裁縫,19,指輪
初志の指輪：革工,19,指輪
初志の指輪：骨工,19,指輪
初志の指輪：錬金術,19,指輪
初志の指輪：調理,19,指輪
魚網セット,19,職人調度品
カーペンターキット,19,職人調度品
ストーンハース,19,職人調度品
ジェムスコープ,19,職人調度品
スピニングホイール,19,職人調度品
ハイドストレッチャ,19,職人調度品
骨細工セット,19,職人調度品
アレンビック,19,職人調度品
シチューポット,19,職人調度品
ポイント地図,19,職人調度品
ドローイングデスク,19,職人調度品
マイスターアンビル,19,職人調度品
愚者の黄金,19,職人調度品
錦のタピストリー,19,職人調度品
黄金の羊の毛皮,19,職人調度品
ドロガロガの牙,19,職人調度品
エメラルド写本,19,職人調度品
コルドンブルー包丁,19,職人調度品
漁師サインボード,19,職人調度品
木工サインボード,19,職人調度品
鍛冶師サインボード,19,職人調度品
彫金師サインボード,19,職人調度品
織工サインボード,19,職人調度品
革工サインボード,19,職人調度品
骨工サインボード,19,職人調度品
錬金術サインボード,19,職人調度品
調理師サインボード,19,職人調度品
漁師カウンター,19,職人調度品
木工カウンター,19,職人調度品
鍛冶カウンター,19,職人調度品
彫金カウンター,19,職人調度品
裁縫カウンター,19,職人調度品
革細工カウンター,19,職人調度品
骨細工カウンター,19,職人調度品
錬金術カウンター,19,職人調度品
調理カウンター,19,職人調度品
ボイイマスク,20,戦士
ボイイロリカ,20,戦士
ボイイマフラ,20,戦士
ボイイクウィス,20,戦士
ボイイカリガ,20,戦士
ビッククラウン,20,モンク
ビックシクラス,20,モンク
ビックグローブ,20,モンク
ビックホーズ,20,モンク
ビックゲートル,20,モンク
エーベルキャップ,20,白魔道士
エーベルブリオー,20,白魔道士
エーベルミトン,20,白魔道士
エーベルパンタロン,20,白魔道士
エーベルダックビル,20,白魔道士
ウィッケペタソス,20,黒魔道士
ウィッケコート,20,黒魔道士
ウィッケグローブ,20,黒魔道士
ウィッケショウス,20,黒魔道士
ウィッケサボ,20,黒魔道士
レサジーシャペル,20,赤魔道士
レサジーサヨン,20,赤魔道士
レサジーガントロ,20,赤魔道士
レサジーフュゾー,20,赤魔道士
レサジーウゾー,20,赤魔道士
スカルカボンネット,20,シーフ
スカルカベスト,20,シーフ
スカルカアムレット,20,シーフ
スカルカキュロット,20,シーフ
スカルカプーレーヌ,20,シーフ
シバリエアーメット,20,ナイト
シバリエキュイラス,20,ナイト
シバリエガントレ,20,ナイト
シバリエクウィス,20,ナイト
シバリエサバトン,20,ナイト
ヒーズンバゴネット,20,暗黒騎士
ヒーズンキュイラス,20,暗黒騎士
ヒーズンガントレト,20,暗黒騎士
ヒーズンフランチャ,20,暗黒騎士
ヒーズンソルレット,20,暗黒騎士
ヌグーミカバセ,20,獣使い
ヌグーミゴーザプ,20,獣使い
ヌグーミマノプラス,20,獣使い
ヌグーミキホーテ,20,獣使い
ヌグーミオクレア,20,獣使い
フィリキャロ,20,吟遊詩人
フィリオングルリヌ,20,吟遊詩人
フィリマンシェト,20,吟遊詩人
フィリラングラヴ,20,吟遊詩人
フィリコテュルヌ,20,吟遊詩人
アミニガペット,20,狩人
アミニカバン,20,狩人
アミニグロブレト,20,狩人
アミニブラーグ,20,狩人
アミニボティヨン,20,狩人
春日烏帽子形兜,20,侍
春日胴丸,20,侍
春日筒篭手,20,侍
春日板佩楯,20,侍
春日筒脛当,20,侍
服部頭巾,20,忍者
服部忍着,20,忍者
服部手甲,20,忍者
服部袴,20,忍者
服部脚絆,20,忍者
ペルタスメザイユ,20,竜騎士
ペルタスプラカート,20,竜騎士
ペルタスバンブレス,20,竜騎士
ペルタスキュイソー,20,竜騎士
ペルタスシンバルド,20,竜騎士
ベコナーホーン,20,召喚士
ベコナーダブレット,20,召喚士
ベコナーブレーサー,20,召喚士
ベコナースパッツ,20,召喚士
ベコナーピガッシュ,20,召喚士
ハシシンカヴク,20,青魔道士
ハシシンミンタン,20,青魔道士
ハシシンバズバンド,20,青魔道士
ハシシンタイト,20,青魔道士
ハシシンバシュマク,20,青魔道士
シャスートリコルヌ,20,コルセア
シャスーフラック,20,コルセア
シャスーガントリー,20,コルセア
シャスートルーズ,20,コルセア
シャスーブーツ,20,コルセア
カラゴズカペッロ,20,からくり士
カラゴズファルセト,20,からくり士
カラゴズグアンティ,20,からくり士
カラゴズパンタロニ,20,からくり士
カラゴズスカルペ,20,からくり士
マクレレティアラ,20,踊り子
マクレレカザク,20,踊り子
マクレレバングル,20,踊り子
マクレレタイツ,20,踊り子
マクレレトーシュー,20,踊り子
アバテルボネット,20,学者
アバテルガウン,20,学者
アバテルブレーサー,20,学者
アバテルパンツ,20,学者
アバテルローファー,20,学者
アジムスフード,20,風水士
アジムスコート,20,風水士
アジムスグローブ,20,風水士
アジムスタイツ,20,風水士
アジムスゲートル,20,風水士
エリラズガレア,20,魔導剣士
エリラズサーコート,20,魔導剣士
エリラズガントレ,20,魔導剣士
エリラズレグガード,20,魔導剣士
エリラズグリーヴ,20,魔導剣士
ＢＩマスク+1,21,戦士
ＢＩロリカ+1,21,戦士
ＢＩマフラ+1,21,戦士
ＢＩクウィス+1,21,戦士
ＢＩカリガ+1,21,戦士
ＢＫクラウン+1,21,モンク
ＢＫシクラス+1,21,モンク
ＢＫグローブ+1,21,モンク
ＢＫホーズ+1,21,モンク
ＢＫゲートル+1,21,モンク
ＥＢキャップ+1,21,白魔道士
ＥＢブリオー+1,21,白魔道士
ＥＢミトン+1,21,白魔道士
ＥＢパンタロン+1,21,白魔道士
ＥＢダックビル+1,21,白魔道士
ＷＣペタソス+1,21,黒魔道士
ＷＣコート+1,21,黒魔道士
ＷＣグローブ+1,21,黒魔道士
ＷＣショウス+1,21,黒魔道士
ＷＣサボ+1,21,黒魔道士
ＬＴシャペル+1,21,赤魔道士
ＬＴサヨン+1,21,赤魔道士
ＬＴガントロ+1,21,赤魔道士
ＬＴフュゾー+1,21,赤魔道士
ＬＴウゾー+1,21,赤魔道士
ＳＫボンネット+1,21,シーフ
ＳＫベスト+1,21,シーフ
ＳＫアムレット+1,21,シーフ
ＳＫキュロット+1,21,シーフ
ＳＫプーレーヌ+1,21,シーフ
ＣＶアーメット+1,21,ナイト
ＣＶキュイラス+1,21,ナイト
ＣＶガントレ+1,21,ナイト
ＣＶクウィス+1,21,ナイト
ＣＶサバトン+1,21,ナイト
ＨＴバゴネット+1,21,暗黒騎士
ＨＴキュイラス+1,21,暗黒騎士
ＨＴガントレト+1,21,暗黒騎士
ＨＴフランチャ+1,21,暗黒騎士
ＨＴソルレット+1,21,暗黒騎士
ＮＫカバセ+1,21,獣使い
ＮＫゴーザプ+1,21,獣使い
ＮＫマノプラス+1,21,獣使い
ＮＫキホーテ+1,21,獣使い
ＮＫオクレア+1,21,獣使い
ＦＬキャロ+1,21,吟遊詩人
ＦＬオングルリヌ+1,21,吟遊詩人
ＦＬマンシェト+1,21,吟遊詩人
ＦＬラングラヴ+1,21,吟遊詩人
ＦＬコテュルヌ+1,21,吟遊詩人
ＡＭガペット+1,21,狩人
ＡＭカバン+1,21,狩人
ＡＭグロブレト+1,21,狩人
ＡＭブラーグ+1,21,狩人
ＡＭボティヨン+1,21,狩人
春日烏帽子形兜改,21,侍
春日胴丸改,21,侍
春日筒篭手改,21,侍
春日板佩楯改,21,侍
春日筒脛当改,21,侍
服部頭巾改,21,忍者
服部忍着改,21,忍者
服部手甲改,21,忍者
服部袴改,21,忍者
服部脚絆改,21,忍者
ＰＥメザイユ+1,21,竜騎士
ＰＥプラカート+1,21,竜騎士
ＰＥバンブレス+1,21,竜騎士
ＰＥキュイソー+1,21,竜騎士
ＰＥシンバルド+1,21,竜騎士
ＢＣホーン+1,21,召喚士
ＢＣダブレット+1,21,召喚士
ＢＣブレーサー+1,21,召喚士
ＢＣスパッツ+1,21,召喚士
ＢＣピガッシュ+1,21,召喚士
ＨＳカヴク+1,21,青魔道士
ＨＳミンタン+1,21,青魔道士
ＨＳバズバンド+1,21,青魔道士
ＨＳタイト+1,21,青魔道士
ＨＳバシュマク+1,21,青魔道士
ＣＳトリコルヌ+1,21,コルセア
ＣＳフラック+1,21,コルセア
ＣＳガントリー+1,21,コルセア
ＣＳトルーズ+1,21,コルセア
ＣＳブーツ+1,21,コルセア
ＫＧカペッロ+1,21,からくり士
ＫＧファルセト+1,21,からくり士
ＫＧグアンティ+1,21,からくり士
ＫＧパンタロニ+1,21,からくり士
ＫＧスカルペ+1,21,からくり士
ＭＣティアラ+1,21,踊り子
ＭＣカザク+1,21,踊り子
ＭＣバングル+1,21,踊り子
ＭＣタイツ+1,21,踊り子
ＭＣトーシュー+1,21,踊り子
ＡＢボネット+1,21,学者
ＡＢガウン+1,21,学者
ＡＢブレーサー+1,21,学者
ＡＢパンツ+1,21,学者
ＡＢローファー+1,21,学者
ＡＺフード+1,21,風水士
ＡＺコート+1,21,風水士
ＡＺグローブ+1,21,風水士
ＡＺタイツ+1,21,風水士
ＡＺゲートル+1,21,風水士
ＥＲガレア+1,21,魔導剣士
ＥＲサーコート+1,21,魔導剣士
ＥＲガントレ+1,21,魔導剣士
ＥＲレグガード+1,21,魔導剣士
ＥＲグリーヴ+1,21,魔導剣士
ダイアバックラー,22,盾
ダイアバックラー+1,22,盾
カムラナートの盾,22,盾
ジョディシールド,22,盾
水影の盾,22,盾
アークシールド,22,盾
えぇぢす,22,盾
プレミアムモグタス,22,格闘
リザードファング,22,格闘
リザードファング+1,22,格闘
チキンナイフII,22,短剣
アーンダガー,22,短剣
ウィンドナイフ,22,短剣
ウィンドナイフ+1,22,短剣
エシクーバ,22,短剣
ノルギッシュダガー,22,短剣
インフィルトレータ,22,短剣
アーンダガーII,22,短剣
エソテリックアサメ,22,短剣
ファイアタン,22,片手剣
ファイアタン+1,22,片手剣
オニオンソードII,22,片手剣
ブリザドブランド,22,片手剣
ブリザドブランド+1,22,片手剣
セイブザクイーンII,22,片手剣
カムラナートの剣,22,片手剣
アーンソード,22,片手剣
ナイヒリティ,22,片手剣
アーンソードII,22,片手剣
エクステンクション,22,片手剣
マカナ,22,片手剣
九鈎刀,22,片手剣
ブレイブブレイドII,22,両手剣
ラメント,22,両手剣
魔人の斧,22,片手斧
アーンアクス,22,片手斧
アーンアクスII,22,片手斧
ポイズンアクス,22,両手斧
ポイズンアクス+1,22,両手斧
デスパチャアックス,22,両手斧
アーンスピア,22,両手槍
沙悟浄の槍,22,両手槍
沙悟浄の槍+1,22,両手槍
方天戟,22,両手槍
アーンスピアII,22,両手槍
ロスシックル,22,両手鎌
ロスシックル+1,22,両手鎌
柳生の小太刀,22,片手刀
柳生の小太刀改,22,片手刀
斬魔刀,22,両手刀
斬魔刀改,22,両手刀
西瓜割の太刀,22,両手刀
陸奥守,22,両手刀
陸奥守改,22,両手刀
盛夏団扇,22,片手棍
盛夏団扇+1,22,片手棍
チャリロッド,22,片手棍
チャリロッド+1,22,片手棍
羽子板【華】,22,片手棍
羽子板【金虎】,22,片手棍
羽子板【金虎】+1,22,片手棍
コリガンマレット,22,片手棍
アデニウムマレット,22,片手棍
キトルルスマレット,22,片手棍
リコポンマレット,22,片手棍
暑夏団扇,22,片手棍
マジシャンロッド,22,片手棍
マジシャンロッド+1,22,片手棍
ハピスタッフ,22,両手棍
ラミアの杖,22,両手棍
アーンスタッフ,22,両手棍
アーンスタッフII,22,両手棍
識者の杖,22,両手棍
識者の杖+1,22,両手棍
アルテミスの弓,22,弓術
アルテミスの弓+1,22,弓術
シルバーガン,22,射撃
シルバーガン+1,22,射撃
マーベラスチア,22,管楽器
不倶戴天,22,投てき
マンドラケース,22,矢弾
コリガンマスク,22,頭装備
パキポンマスク,22,頭装備
カームヘルメット,22,頭装備
ゲイザーヘルメット,22,頭装備
レチングヘルメット,22,頭装備
スノールマスク,22,頭装備
スノールマスク+1,22,頭装備
ララブキャップ,22,頭装備
ララブキャップ+1,22,頭装備
クラブキャップ,22,頭装備
クラブキャップ+1,22,頭装備
カカイヘッド,22,頭装備
カカイヘッド+1,22,頭装備
キュムラスマスク,22,頭装備
キュムラスマスク+1,22,頭装備
デストリアヘッド,22,頭装備
アースロキャップ,22,頭装備
アースロキャップ+1,22,頭装備
白ララブキャップ,22,頭装備
白ララブキャップ+1,22,頭装備
Ｒチョコボキャップ,22,頭装備
カラクールキャップ,22,頭装備
白虎マスク,22,頭装備
アデニウムマスク,22,頭装備
三度笠,22,頭装備
三度笠+1,22,頭装備
バケーロハット,22,頭装備
ニットキャップ,22,頭装備
ニットキャップ+1,22,頭装備
オクーバクラウン,22,頭装備
エイルキャップ,22,頭装備
コリガンスーツ,22,胴装備
ラプソディシャツ,22,胴装備
ラプソディシャツ+1,22,胴装備
アキトゥシャツ,22,胴装備
ジュビリーシャツ,22,胴装備
デストリアスーツ,22,胴装備
クラステシンシャツ,22,胴装備
ギルナバーシャツ,22,胴装備
ファンシージレ,22,胴装備
ファンシートップ,22,胴装備
Ｓロードシャツ,22,胴装備
ジョディシャツ,22,胴装備
キトルルスシャツ,22,胴装備
ミスカバブシャツ,22,胴装備
マンドラシャツ,22,胴装備
ポロッゴフリース,22,胴装備
ポロッゴフリース+1,22,胴装備
アデニウムスーツ,22,胴装備
カンクリエプロン,22,胴装備
カンクリエプロン+1,22,胴装備
モーグリシャツ,22,胴装備
ポロッゴカソック,22,胴装備
ポロッゴカソック+1,22,胴装備
モルボルエプロン,22,胴装備
郎子法被,22,胴装備
郎女法被,22,胴装備
ユールタリスマン,22,胴装備
ヘベヌスジレ,22,胴装備
ヘベヌストップ,22,胴装備
ピンクサブリガ,22,両脚装備
ファンシーボクサー,22,両脚装備
ファンシーショーツ,22,両脚装備
ケットサブリガ,22,両脚装備
デニムズボン,22,両脚装備
デニムズボン+1,22,両脚装備
ヘベヌスボクサー,22,両脚装備
ヘベヌスショーツ,22,両脚装備
ダルメルトラウザ,22,両脚装備
モグサコッシュ,22,腰装備
マリーグリザイユ,22,調度品
モスグリザイユ,22,調度品
ヨヴラの像,22,調度品
闇の王の像II,22,調度品
闇の王の像III,22,調度品
ノマドモーグリの像,22,調度品
ライオンの像,22,調度品
ウォードポット,22,調度品
ホワイトクレマテス,22,調度品
ピンククレマテス,22,調度品
カバノキ,22,調度品
ミュモルの像,22,調度品
ウルゴアの像,22,調度品
アフマウの像,22,調度品
リリゼットの像,22,調度品
コーネリアの像,22,調度品
アシェラの像,22,調度品
ウカの像,22,調度品
イロハの像,22,調度品
プリッシュの像II,22,調度品
和傘,22,調度品
紅葉,22,調度品
模倣錬成窯,22,調度品
ようじんぼうの絵画,22,調度品
モーグリベッド,22,調度品
チョコボコモード,22,調度品
リフキンベッド,22,調度品
試験薬セット,22,調度品
キキルンの願い箱,22,調度品
魔道紋テーブル,22,調度品
コリブリベッド,22,調度品
蒼剣の丘,22,調度品
鏡餅,22,調度品
レインボーチェスト,22,調度品
模倣錬成窯II,22,調度品
クポロッド,22,クポ装備
クポシールド,22,クポ装備
クポマスク,22,クポ装備
クポスーツ,22,クポ装備
スレビアマスク,23,スレビア装備
スレビアプレート,23,スレビア装備
スレビアガントレ,23,スレビア装備
スレビアクウィス,23,スレビア装備
スレビアレギンス,23,スレビア装備
スレビアマスク+1,23,スレビア装備
スレビアプレート+1,23,スレビア装備
スレビアガントレ+1,23,スレビア装備
スレビアクウィス+1,23,スレビア装備
スレビアレギンス+1,23,スレビア装備
スレビアマスク+2,23,スレビア装備
スレビアプレート+2,23,スレビア装備
スレビアガントレ+2,23,スレビア装備
スレビアクウィス+2,23,スレビア装備
スレビアレギンス+2,23,スレビア装備
膝丸総面,23,膝丸装備
膝丸腹巻,23,膝丸装備
膝丸篭手,23,膝丸装備
膝丸膝甲,23,膝丸装備
膝丸脛当,23,膝丸装備
膝丸総面改,23,膝丸装備
膝丸腹巻改,23,膝丸装備
膝丸篭手改,23,膝丸装備
膝丸膝甲改,23,膝丸装備
膝丸脛当改,23,膝丸装備
真膝丸総面,23,膝丸装備
真膝丸腹巻,23,膝丸装備
真膝丸篭手,23,膝丸装備
真膝丸膝甲,23,膝丸装備
真膝丸脛当,23,膝丸装備
インヤガティアラ,23,インヤガ装備
インヤガジュバ,23,インヤガ装備
インヤガダスタナ,23,インヤガ装備
インヤガシャルワ,23,インヤガ装備
インヤガクラッコ,23,インヤガ装備
インヤガティアラ+1,23,インヤガ装備
インヤガジュバ+1,23,インヤガ装備
インヤガダスタナ+1,23,インヤガ装備
インヤガシャルワ+1,23,インヤガ装備
インヤガクラッコ+1,23,インヤガ装備
インヤガティアラ+2,23,インヤガ装備
インヤガジュバ+2,23,インヤガ装備
インヤガダスタナ+2,23,インヤガ装備
インヤガシャルワ+2,23,インヤガ装備
インヤガクラッコ+2,23,インヤガ装備
メガナダバイザー,23,メガナダ装備
メガナダクウィリ,23,メガナダ装備
メガナダグローブ,23,メガナダ装備
メガナダショウス,23,メガナダ装備
メガナダジャンボ,23,メガナダ装備
メガナダバイザー+1,23,メガナダ装備
メガナダクウィリ+1,23,メガナダ装備
メガナダグローブ+1,23,メガナダ装備
メガナダショウス+1,23,メガナダ装備
メガナダジャンボ+1,23,メガナダ装備
メガナダバイザー+2,23,メガナダ装備
メガナダクウィリ+2,23,メガナダ装備
メガナダグローブ+2,23,メガナダ装備
メガナダショウス+2,23,メガナダ装備
メガナダジャンボ+2,23,メガナダ装備
ジャリコロナル,23,ジャリ装備
ジャリローブ,23,ジャリ装備
ジャリカフス,23,ジャリ装備
ジャリスロップス,23,ジャリ装備
ジャリピガッシュ,23,ジャリ装備
ジャリコロナル+1,23,ジャリ装備
ジャリローブ+1,23,ジャリ装備
ジャリカフス+1,23,ジャリ装備
ジャリスロップス+1,23,ジャリ装備
ジャリピガッシュ+1,23,ジャリ装備
ジャリコロナル+2,23,ジャリ装備
ジャリローブ+2,23,ジャリ装備
ジャリカフス+2,23,ジャリ装備
ジャリスロップス+2,23,ジャリ装備
ジャリピガッシュ+2,23,ジャリ装備
フラマツッケット,23,フラマ装備
フラマコラジン,23,フラマ装備
フラママノポラ,23,フラマ装備
フラマディル,23,フラマ装備
フラマガンビエラ,23,フラマ装備
フラマツッケット+1,23,フラマ装備
フラマコラジン+1,23,フラマ装備
フラママノポラ+1,23,フラマ装備
フラマディル+1,23,フラマ装備
フラマガンビエラ+1,23,フラマ装備
フラマツッケット+2,23,フラマ装備
フラマコラジン+2,23,フラマ装備
フラママノポラ+2,23,フラマ装備
フラマディル+2,23,フラマ装備
フラマガンビエラ+2,23,フラマ装備
タリアターバン,23,タリア装備
タリアマンティル,23,タリア装備
タリアゲージ,23,タリア装備
タリアサラウィル,23,タリア装備
タリアクラッコー,23,タリア装備
タリアターバン+1,23,タリア装備
タリアマンティル+1,23,タリア装備
タリアゲージ+1,23,タリア装備
タリアサラウィル+1,23,タリア装備
タリアクラッコー+1,23,タリア装備
タリアターバン+2,23,タリア装備
タリアマンティル+2,23,タリア装備
タリアゲージ+2,23,タリア装備
タリアサラウィル+2,23,タリア装備
タリアクラッコー+2,23,タリア装備
ムンムボンネット,23,ムンム装備
ムンムジャケット,23,ムンム装備
ムンムリスト,23,ムンム装備
ムンムケックス,23,ムンム装備
ムンムゲマッシュ,23,ムンム装備
ムンムボンネット+1,23,ムンム装備
ムンムジャケット+1,23,ムンム装備
ムンムリスト+1,23,ムンム装備
ムンムケックス+1,23,ムンム装備
ムンムゲマッシュ+1,23,ムンム装備
ムンムボンネット+2,23,ムンム装備
ムンムジャケット+2,23,ムンム装備
ムンムリスト+2,23,ムンム装備
ムンムケックス+2,23,ムンム装備
ムンムゲマッシュ+2,23,ムンム装備
アヤモツッケット,23,アヤモ装備
アヤモコラッツァ,23,アヤモ装備
アヤモマノポラ,23,アヤモ装備
アヤモコッシャレ,23,アヤモ装備
アヤモガンビエラ,23,アヤモ装備
アヤモツッケット+1,23,アヤモ装備
アヤモコラッツァ+1,23,アヤモ装備
アヤモマノポラ+1,23,アヤモ装備
アヤモコッシャレ+1,23,アヤモ装備
アヤモガンビエラ+1,23,アヤモ装備
アヤモツッケット+2,23,アヤモ装備
アヤモコラッツァ+2,23,アヤモ装備
アヤモマノポラ+2,23,アヤモ装備
アヤモコッシャレ+2,23,アヤモ装備
アヤモガンビエラ+2,23,アヤモ装備
マルクィシャポー,23,マルクィ装備
マルクィサイオ,23,マルクィ装備
マルクィカフス,23,マルクィ装備
マルクィトルーズ,23,マルクィ装備
マルクィクロッグ,23,マルクィ装備
マルクィシャポー+1,23,マルクィ装備
マルクィサイオ+1,23,マルクィ装備
マルクィカフス+1,23,マルクィ装備
マルクィトルーズ+1,23,マルクィ装備
マルクィクロッグ+1,23,マルクィ装備
マルクィシャポー+2,23,マルクィ装備
マルクィサイオ+2,23,マルクィ装備
マルクィカフス+2,23,マルクィ装備
マルクィトルーズ+2,23,マルクィ装備
マルクィクロッグ+2,23,マルクィ装備
スレビアリング,23,指輪
膝丸の指輪,23,指輪
インヤガリング,23,指輪
メガナダリング,23,指輪
ジャリリング,23,指輪
フラマリング,23,指輪
タリアリング,23,指輪
ムンムリング,23,指輪
アヤモリング,23,指輪
マルクィリング,23,指輪
デュラハンの盾,23,盾
クトゥルブナイフ,23,短剣
オフィデアンソード,23,両手剣
ゴージエン,23,両手剣
グラムクの石斧,23,片手斧
デュラハンの斧,23,片手斧
ザダチョッパー,23,両手斧
オータークアックス,23,両手斧
ヘルゴランド,23,両手斧
ヅェーシシュの薙刀,23,両手槍
ソウルフレアワンド,23,片手棍
バロアーワンド,23,片手棍
ラミアの杖,23,両手棍
レイナインスタッフ,23,両手棍
サヴェージポール,23,両手棍
レヴェン,23,両手棍
コースの杖,23,両手棍
トロールガン,23,射撃
ＰＭマスク+2,24,戦士
ＰＭロリカ+2,24,戦士
ＰＭマフラ+2,24,戦士
ＰＭクウィス+2,24,戦士
ＰＭカリガ+2,24,戦士
ＡＮクラウン+2,24,モンク
ＡＮシクラス+2,24,モンク
ＡＮグローブ+2,24,モンク
ＡＮホーズ+2,24,モンク
ＡＮゲートル+2,24,モンク
ＴＥキャップ+2,24,白魔道士
ＴＥブリオー+2,24,白魔道士
ＴＥミトン+2,24,白魔道士
ＴＥパンタロン+2,24,白魔道士
ＴＥダックビル+2,24,白魔道士
ＳＰペタソス+2,24,黒魔道士
ＳＰコート+2,24,黒魔道士
ＳＰグローブ+2,24,黒魔道士
ＳＰトンバン+2,24,黒魔道士
ＳＰサボ+2,24,黒魔道士
ＡＴシャポー+2,24,赤魔道士
ＡＴタバード+2,24,赤魔道士
ＡＴグローブ+2,24,赤魔道士
ＡＴタイツ+2,24,赤魔道士
ＡＴブーツ+2,24,赤魔道士
ＰＬボンネット+2,24,シーフ
ＰＬベスト+2,24,シーフ
ＰＬアムレット+2,24,シーフ
ＰＬキュロット+2,24,シーフ
ＰＬプーレーヌ+2,24,シーフ
ＲＶコロネット+2,24,ナイト
ＲＶサーコート+2,24,ナイト
ＲＶガントレ+2,24,ナイト
ＲＶブリーチズ+2,24,ナイト
ＲＶレギンス+2,24,ナイト
ＩＧバゴネット+2,24,暗黒騎士
ＩＧキュイラス+2,24,暗黒騎士
ＩＧガントレ+2,24,暗黒騎士
ＩＧフランチャ+2,24,暗黒騎士
ＩＧソルレット+2,24,暗黒騎士
ＴＯヘルム+2,24,獣使い
ＴＯジャック+2,24,獣使い
ＴＯグローブ+2,24,獣使い
ＴＯトラウザ+2,24,獣使い
ＴＯゲートル+2,24,獣使い
ＢＲランドリト+2,24,吟遊詩人
ＢＲジュスト+2,24,吟遊詩人
ＢＲカフス+2,24,吟遊詩人
ＢＲキャニオン+2,24,吟遊詩人
ＢＲスリッパー+2,24,吟遊詩人
ＯＲベレー+2,24,狩人
ＯＲジャーキン+2,24,狩人
ＯＲブレーサー+2,24,狩人
ＯＲブラッカエ+2,24,狩人
ＯＲソックス+2,24,狩人
真脇戸桃形兜,24,侍
真脇戸胴丸,24,侍
真脇戸筒篭手,24,侍
真脇戸板佩楯,24,侍
真脇戸筒脛当,24,侍
真蜂屋半首,24,忍者
真蜂屋鎖帷子,24,忍者
真蜂屋手甲,24,忍者
真蜂屋袴,24,忍者
真蜂屋脚絆,24,忍者
ＶＳアーメット+2,24,竜騎士
ＶＳメイル+2,24,竜騎士
ＶＳフィンガー+2,24,竜騎士
ＶＳブレー+2,24,竜騎士
ＶＳグリーヴ+2,24,竜騎士
ＣＮホーン+2,24,召喚士
ＣＮダブレット+2,24,召喚士
ＣＮブレーサー+2,24,召喚士
ＣＮスパッツ+2,24,召喚士
ＣＮピガッシュ+2,24,召喚士
ＡＳケフィエ+2,24,青魔道士
ＡＳジュバ+2,24,青魔道士
ＡＳバズバンド+2,24,青魔道士
ＡＳシャルワー+2,24,青魔道士
ＡＳチャルク+2,24,青魔道士
ＬＫトリコルヌ+2,24,コルセア
ＬＫフラック+2,24,コルセア
ＬＫガントリー+2,24,コルセア
ＬＫトルーズ+2,24,コルセア
ＬＫブーツ+2,24,コルセア
ＦＯタージ+2,24,からくり士
ＦＯトベ+2,24,からくり士
ＦＯダスタナ+2,24,からくり士
ＦＯチュリダル+2,24,からくり士
ＦＯバブーシュ+2,24,からくり士
ＭＸティアラ+2,24,踊り子
ＭＸカザク+2,24,踊り子
ＭＸバングル+2,24,踊り子
ＭＸタイツ+2,24,踊り子
ＭＸトーシュー+2,24,踊り子
ＡＣボード+2,24,学者
ＡＣガウン+2,24,学者
ＡＣブレーサー+2,24,学者
ＡＣパンツ+2,24,学者
ＡＣローファー+2,24,学者
ＧＯガレーロ+2,24,風水士
ＧＯチュニック+2,24,風水士
ＧＯミテーヌ+2,24,風水士
ＧＯパンツ+2,24,風水士
ＧＯサンダル+2,24,風水士
ＲＮバンド+2,24,魔導剣士
ＲＮコート+2,24,魔導剣士
ＲＮミトン+2,24,魔導剣士
ＲＮトラウザ+2,24,魔導剣士
ＲＮブーツ+2,24,魔導剣士
ＰＭマスク+3,25,戦士
ＰＭロリカ+3,25,戦士
ＰＭマフラ+3,25,戦士
ＰＭクウィス+3,25,戦士
ＰＭカリガ+3,25,戦士
ＡＮクラウン+3,25,モンク
ＡＮシクラス+3,25,モンク
ＡＮグローブ+3,25,モンク
ＡＮホーズ+3,25,モンク
ＡＮゲートル+3,25,モンク
ＴＥキャップ+3,25,白魔道士
ＴＥブリオー+3,25,白魔道士
ＴＥミトン+3,25,白魔道士
ＴＥパンタロン+3,25,白魔道士
ＴＥダックビル+3,25,白魔道士
ＳＰペタソス+3,25,黒魔道士
ＳＰコート+3,25,黒魔道士
ＳＰグローブ+3,25,黒魔道士
ＳＰトンバン+3,25,黒魔道士
ＳＰサボ+3,25,黒魔道士
ＡＴシャポー+3,25,赤魔道士
ＡＴタバード+3,25,赤魔道士
ＡＴグローブ+3,25,赤魔道士
ＡＴタイツ+3,25,赤魔道士
ＡＴブーツ+3,25,赤魔道士
ＰＬボンネット+3,25,シーフ
ＰＬベスト+3,25,シーフ
ＰＬアムレット+3,25,シーフ
ＰＬキュロット+3,25,シーフ
ＰＬプーレーヌ+3,25,シーフ
ＲＶコロネット+3,25,ナイト
ＲＶサーコート+3,25,ナイト
ＲＶガントレ+3,25,ナイト
ＲＶブリーチズ+3,25,ナイト
ＲＶレギンス+3,25,ナイト
ＩＧバゴネット+3,25,暗黒騎士
ＩＧキュイラス+3,25,暗黒騎士
ＩＧガントレ+3,25,暗黒騎士
ＩＧフランチャ+3,25,暗黒騎士
ＩＧソルレット+3,25,暗黒騎士
ＴＯヘルム+3,25,獣使い
ＴＯジャック+3,25,獣使い
ＴＯグローブ+3,25,獣使い
ＴＯトラウザ+3,25,獣使い
ＴＯゲートル+3,25,獣使い
ＢＲランドリト+3,25,吟遊詩人
ＢＲジュスト+3,25,吟遊詩人
ＢＲカフス+3,25,吟遊詩人
ＢＲキャニオン+3,25,吟遊詩人
ＢＲスリッパー+3,25,吟遊詩人
ＯＲベレー+3,25,狩人
ＯＲジャーキン+3,25,狩人
ＯＲブレーサー+3,25,狩人
ＯＲブラッカエ+3,25,狩人
ＯＲソックス+3,25,狩人
極脇戸桃形兜,25,侍
極脇戸胴丸,25,侍
極脇戸筒篭手,25,侍
極脇戸板佩楯,25,侍
極脇戸筒脛当,25,侍
極蜂屋半首,25,忍者
極蜂屋鎖帷子,25,忍者
極蜂屋手甲,25,忍者
極蜂屋袴,25,忍者
極蜂屋脚絆,25,忍者
ＶＳアーメット+3,25,竜騎士
ＶＳメイル+3,25,竜騎士
ＶＳフィンガー+3,25,竜騎士
ＶＳブレー+3,25,竜騎士
ＶＳグリーヴ+3,25,竜騎士
ＣＮホーン+3,25,召喚士
ＣＮダブレット+3,25,召喚士
ＣＮブレーサー+3,25,召喚士
ＣＮスパッツ+3,25,召喚士
ＣＮピガッシュ+3,25,召喚士
ＡＳケフィエ+3,25,青魔道士
ＡＳジュバ+3,25,青魔道士
ＡＳバズバンド+3,25,青魔道士
ＡＳシャルワー+3,25,青魔道士
ＡＳチャルク+3,25,青魔道士
ＬＫトリコルヌ+3,25,コルセア
ＬＫフラック+3,25,コルセア
ＬＫガントリー+3,25,コルセア
ＬＫトルーズ+3,25,コルセア
ＬＫブーツ+3,25,コルセア
ＦＯタージ+3,25,からくり士
ＦＯトベ+3,25,からくり士
ＦＯダスタナ+3,25,からくり士
ＦＯチュリダル+3,25,からくり士
ＦＯバブーシュ+3,25,からくり士
ＭＸティアラ+3,25,踊り子
ＭＸカザク+3,25,踊り子
ＭＸバングル+3,25,踊り子
ＭＸタイツ+3,25,踊り子
ＭＸトーシュー+3,25,踊り子
ＡＣボード+3,25,学者
ＡＣガウン+3,25,学者
ＡＣブレーサー+3,25,学者
ＡＣパンツ+3,25,学者
ＡＣローファー+3,25,学者
ＧＯガレーロ+3,25,風水士
ＧＯチュニック+3,25,風水士
ＧＯミテーヌ+3,25,風水士
ＧＯパンツ+3,25,風水士
ＧＯサンダル+3,25,風水士
ＲＮバンド+3,25,魔導剣士
ＲＮコート+3,25,魔導剣士
ＲＮミトン+3,25,魔導剣士
ＲＮトラウザ+3,25,魔導剣士
ＲＮブーツ+3,25,魔導剣士
ＡＧマスク+2,26,戦士
ＡＧロリカ+2,26,戦士
ＡＧマフラ+2,26,戦士
ＡＧクウィス+2,26,戦士
ＡＧカリガ+2,26,戦士
ＨＥクラウン+2,26,モンク
ＨＥシクラス+2,26,モンク
ＨＥグローブ+2,26,モンク
ＨＥホーズ+2,26,モンク
ＨＥゲートル+2,26,モンク
ＰＩキャップ+2,26,白魔道士
ＰＩブリオー+2,26,白魔道士
ＰＩミトン+2,26,白魔道士
ＰＩパンタロン+2,26,白魔道士
ＰＩダックビル+2,26,白魔道士
ＡＲペタソス+2,26,黒魔道士
ＡＲコート+2,26,黒魔道士
ＡＲグローブ+2,26,黒魔道士
ＡＲトンバン+2,26,黒魔道士
ＡＲサボ+2,26,黒魔道士
ＶＩシャポー+2,26,赤魔道士
ＶＩタバード+2,26,赤魔道士
ＶＩグローブ+2,26,赤魔道士
ＶＩタイツ+2,26,赤魔道士
ＶＩブーツ+2,26,赤魔道士
ＰＤボンネット+2,26,シーフ
ＰＤベスト+2,26,シーフ
ＰＤアムレット+2,26,シーフ
ＰＤキュロット+2,26,シーフ
ＰＤプーレーヌ+2,26,シーフ
ＣＢコロネット+2,26,ナイト
ＣＢサーコート+2,26,ナイト
ＣＢガントレ+2,26,ナイト
ＣＢブリーチズ+2,26,ナイト
ＣＢレギンス+2,26,ナイト
ＦＬバーゴネット+2,26,暗黒騎士
ＦＬキュイラス+2,26,暗黒騎士
ＦＬガントレット+2,26,暗黒騎士
ＦＬフランチャー+2,26,暗黒騎士
ＦＬソルレット+2,26,暗黒騎士
ＡＫヘルム+2,26,獣使い
ＡＫジャック+2,26,獣使い
ＡＫグローブ+2,26,獣使い
ＡＫトラウザ+2,26,獣使い
ＡＫゲートル+2,26,獣使い
ＢＩラウンドリト+2,26,吟遊詩人
ＢＩジュストコル+2,26,吟遊詩人
ＢＩカフス+2,26,吟遊詩人
ＢＩキャニオンズ+2,26,吟遊詩人
ＢＩスリッパー+2,26,吟遊詩人
ＡＲベレー+2,26,狩人
ＡＲジャーキン+2,26,狩人
ＡＲブレーサー+2,26,狩人
ＡＲブラッカエ+2,26,狩人
ＡＲソックス+2,26,狩人
真左近士桃形兜,26,侍
真左近士胴丸,26,侍
真左近士筒篭手,26,侍
真左近士板佩楯,26,侍
真左近士筒脛当,26,侍
真望月半首,26,忍者
真望月鎖帷子,26,忍者
真望月手甲,26,忍者
真望月袴,26,忍者
真望月脚絆,26,忍者
ＰＴアーメット+2,26,竜騎士
ＰＴメイル+2,26,竜騎士
ＰＴフィンガー+2,26,竜騎士
ＰＴブレー+2,26,竜騎士
ＰＴグリーヴ+2,26,竜騎士
ＧＬホーン+2,26,召喚士
ＧＬダブレット+2,26,召喚士
ＧＬブレーサー+2,26,召喚士
ＧＬスパッツ+2,26,召喚士
ＧＬピガッシュ+2,26,召喚士
ＬＬケフィエ+2,26,青魔道士
ＬＬジュバ+2,26,青魔道士
ＬＬバズバンド+2,26,青魔道士
ＬＬシャルワー+2,26,青魔道士
ＬＬチャルク+2,26,青魔道士
ＬＡトリコルヌ+2,26,コルセア
ＬＡフラック+2,26,コルセア
ＬＡガントリー+2,26,コルセア
ＬＡトルーズ+2,26,コルセア
ＬＡブーツ+2,26,コルセア
ＰＩタージ+2,26,からくり士
ＰＩトベ+2,26,からくり士
ＰＩダスタナ+2,26,からくり士
ＰＩチュリダル+2,26,からくり士
ＰＩバブーシュ+2,26,からくり士
ＨＯティアラ+2,26,踊り子
ＨＯカザク+2,26,踊り子
ＨＯバングル+2,26,踊り子
ＨＯタイツ+2,26,踊り子
ＨＯトーシュー+2,26,踊り子
ＰＤボード+2,26,学者
ＰＤガウン+2,26,学者
ＰＤブレーサー+2,26,学者
ＰＤパンツ+2,26,学者
ＰＤローファー+2,26,学者
ＢＡガレーロ+2,26,風水士
ＢＡチュニック+2,26,風水士
ＢＡミテーヌ+2,26,風水士
ＢＡパンツ+2,26,風水士
ＢＡサンダル+2,26,風水士
ＦＵバンド+2,26,魔導剣士
ＦＵコート+2,26,魔導剣士
ＦＵミトン+2,26,魔導剣士
ＦＵトラウザ+2,26,魔導剣士
ＦＵブーツ+2,26,魔導剣士
ＡＧマスク+3,27,戦士
ＡＧロリカ+3,27,戦士
ＡＧマフラ+3,27,戦士
ＡＧクウィス+3,27,戦士
ＡＧカリガ+3,27,戦士
ＨＥクラウン+3,27,モンク
ＨＥシクラス+3,27,モンク
ＨＥグローブ+3,27,モンク
ＨＥホーズ+3,27,モンク
ＨＥゲートル+3,27,モンク
ＰＩキャップ+3,27,白魔道士
ＰＩブリオー+3,27,白魔道士
ＰＩミトン+3,27,白魔道士
ＰＩパンタロン+3,27,白魔道士
ＰＩダックビル+3,27,白魔道士
ＡＲペタソス+3,27,黒魔道士
ＡＲコート+3,27,黒魔道士
ＡＲグローブ+3,27,黒魔道士
ＡＲトンバン+3,27,黒魔道士
ＡＲサボ+3,27,黒魔道士
ＶＩシャポー+3,27,赤魔道士
ＶＩタバード+3,27,赤魔道士
ＶＩグローブ+3,27,赤魔道士
ＶＩタイツ+3,27,赤魔道士
ＶＩブーツ+3,27,赤魔道士
ＰＤボンネット+3,27,シーフ
ＰＤベスト+3,27,シーフ
ＰＤアムレット+3,27,シーフ
ＰＤキュロット+3,27,シーフ
ＰＤプーレーヌ+3,27,シーフ
ＣＢコロネット+3,27,ナイト
ＣＢサーコート+3,27,ナイト
ＣＢガントレ+3,27,ナイト
ＣＢブリーチズ+3,27,ナイト
ＣＢレギンス+3,27,ナイト
ＦＬバーゴネット+3,27,暗黒騎士
ＦＬキュイラス+3,27,暗黒騎士
ＦＬガントレット+3,27,暗黒騎士
ＦＬフランチャー+3,27,暗黒騎士
ＦＬソルレット+3,27,暗黒騎士
ＡＫヘルム+3,27,獣使い
ＡＫジャック+3,27,獣使い
ＡＫグローブ+3,27,獣使い
ＡＫトラウザ+3,27,獣使い
ＡＫゲートル+3,27,獣使い
ＢＩラウンドリト+3,27,吟遊詩人
ＢＩジュストコル+3,27,吟遊詩人
ＢＩカフス+3,27,吟遊詩人
ＢＩキャニオンズ+3,27,吟遊詩人
ＢＩスリッパー+3,27,吟遊詩人
ＡＲベレー+3,27,狩人
ＡＲジャーキン+3,27,狩人
ＡＲブレーサー+3,27,狩人
ＡＲブラッカエ+3,27,狩人
ＡＲソックス+2,27,狩人
極左近士桃形兜,27,侍
極左近士胴丸,27,侍
極左近士筒篭手,27,侍
極左近士板佩楯,27,侍
極左近士筒脛当,27,侍
極望月半首,27,忍者
極望月鎖帷子,27,忍者
極望月手甲,27,忍者
極望月袴,27,忍者
極望月脚絆,27,忍者
ＰＴアーメット+3,27,竜騎士
ＰＴメイル+3,27,竜騎士
ＰＴフィンガー+3,27,竜騎士
ＰＴブレー+3,27,竜騎士
ＰＴグリーヴ+3,27,竜騎士
ＧＬホーン+3,27,召喚士
ＧＬダブレット+3,27,召喚士
ＧＬブレーサー+3,27,召喚士
ＧＬスパッツ+3,27,召喚士
ＧＬピガッシュ+3,27,召喚士
ＬＬケフィエ+3,27,青魔道士
ＬＬジュバ+3,27,青魔道士
ＬＬバズバンド+3,27,青魔道士
ＬＬシャルワー+3,27,青魔道士
ＬＬチャルク+3,27,青魔道士
ＬＡトリコルヌ+3,27,コルセア
ＬＡフラック+3,27,コルセア
ＬＡガントリー+3,27,コルセア
ＬＡトルーズ+3,27,コルセア
ＬＡブーツ+3,27,コルセア
ＰＩタージ+3,27,からくり士
ＰＩトベ+3,27,からくり士
ＰＩダスタナ+3,27,からくり士
ＰＩチュリダル+3,27,からくり士
ＰＩバブーシュ+3,27,からくり士
ＨＯティアラ+3,27,踊り子
ＨＯカザク+3,27,踊り子
ＨＯバングル+3,27,踊り子
ＨＯタイツ+3,27,踊り子
ＨＯトーシュー+3,27,踊り子
ＰＤボード+3,27,学者
ＰＤガウン+3,27,学者
ＰＤブレーサー+3,27,学者
ＰＤパンツ+3,27,学者
ＰＤローファー+3,27,学者
ＢＡガレーロ+3,27,風水士
ＢＡチュニック+3,27,風水士
ＢＡミテーヌ+3,27,風水士
ＢＡパンツ+3,27,風水士
ＢＡサンダル+3,27,風水士
ＦＵバンド+3,27,魔導剣士
ＦＵコート+3,27,魔導剣士
ＦＵミトン+3,27,魔導剣士
ＦＵトラウザ+3,27,魔導剣士
ＦＵブーツ+3,27,魔導剣士
トッコナックル,28,第1段階
トッコナイフ,28,第1段階
トッコソード,28,第1段階
トッコクレイモア,28,第1段階
トッコアクス,28,第1段階
トッコチョッパー,28,第1段階
トッコサイズ,28,第1段階
トッコランス,28,第1段階
トッコカタナ,28,第1段階
トッコタチ,28,第1段階
トッコロッド,28,第1段階
トッコスタッフ,28,第1段階
トッコボウ,28,第1段階
トッコグリップ,28,第1段階
アジャナックル,28,第2段階
アジャナイフ,28,第2段階
アジャソード,28,第2段階
アジャクレイモア,28,第2段階
アジャアクス,28,第2段階
アジャチョッパー,28,第2段階
アジャサイズ,28,第2段階
アジャランス,28,第2段階
アジャカタナ,28,第2段階
アジャタチ,28,第2段階
アジャロッド,28,第2段階
アジャスタッフ,28,第2段階
アジャボウ,28,第2段階
アジャグリップ,28,第2段階
エレタナックル,28,第3段階
エレタナイフ,28,第3段階
エレタソード,28,第3段階
エレタクレイモア,28,第3段階
エレタアクス,28,第3段階
エレタチョッパー,28,第3段階
エレタサイズ,28,第3段階
エレタランス,28,第3段階
エレタカタナ,28,第3段階
エレタタチ,28,第3段階
エレタロッド,28,第3段階
エレタスタッフ,28,第3段階
エレタボウ,28,第3段階
エレタグリップ,28,第3段階
カジャナックル,28,第4段階
カジャナイフ,28,第4段階
カジャソード,28,第4段階
カジャクレイモア,28,第4段階
カジャアクス,28,第4段階
カジャチョッパー,28,第4段階
カジャサイズ,28,第4段階
カジャランス,28,第4段階
カジャカタナ,28,第4段階
カジャタチ,28,第4段階
カジャロッド,28,第4段階
カジャスタッフ,28,第4段階
カジャボウ,28,第4段階
カジャグリップ,28,第4段階
カランビット,28,第5段階
トーレット,28,第5段階
ネイグリング,28,第5段階
ナンダカ,28,第5段階
ドリケナス,28,第5段階
ライカーゴス,28,第5段階
ドレパナム,28,第5段階
シャイニングワン,28,第5段階
五虎退,28,第5段階
八文字,28,第5段階
マクセンチアス,28,第5段階
ゾアノン,28,第5段階
ウルル,28,第5段階
コーンスー,28,第5段階
ソフィストリー,28,両手棍
ＢＩマスク+2,29,戦士
ＢＩロリカ+2,29,戦士
ＢＩマフラ+2,29,戦士
ＢＩクウィス+2,29,戦士
ＢＩカリガ+2,29,戦士
ＢＫクラウン+2,29,モンク
ＢＫシクラス+2,29,モンク
ＢＫグローブ+2,29,モンク
ＢＫホーズ+2,29,モンク
ＢＫゲートル+2,29,モンク
ＥＢキャップ+2,29,白魔道士
ＥＢブリオー+2,29,白魔道士
ＥＢミトン+2,29,白魔道士
ＥＢパンタロン+2,29,白魔道士
ＥＢダックビル+2,29,白魔道士
ＷＣペタソス+2,29,黒魔道士
ＷＣコート+2,29,黒魔道士
ＷＣグローブ+2,29,黒魔道士
ＷＣショウス+2,29,黒魔道士
ＷＣサボ+2,29,黒魔道士
ＬＴシャペル+2,29,赤魔道士
ＬＴサヨン+2,29,赤魔道士
ＬＴガントロ+2,29,赤魔道士
ＬＴフュゾー+2,29,赤魔道士
ＬＴウゾー+2,29,赤魔道士
ＳＫボンネット+2,29,シーフ
ＳＫベスト+2,29,シーフ
ＳＫアムレット+2,29,シーフ
ＳＫキュロット+2,29,シーフ
ＳＫプーレーヌ+2,29,シーフ
ＣＶアーメット+2,29,ナイト
ＣＶキュイラス+2,29,ナイト
ＣＶガントレ+2,29,ナイト
ＣＶクウィス+2,29,ナイト
ＣＶサバトン+2,29,ナイト
ＨＴバゴネット+2,29,暗黒騎士
ＨＴキュイラス+2,29,暗黒騎士
ＨＴガントレト+2,29,暗黒騎士
ＨＴフランチャ+2,29,暗黒騎士
ＨＴソルレット+2,29,暗黒騎士
ＮＫカバセ+2,29,獣使い
ＮＫゴーザプ+2,29,獣使い
ＮＫマノプラス+2,29,獣使い
ＮＫキホーテ+2,29,獣使い
ＮＫオクレア+2,29,獣使い
ＦＬキャロ+2,29,吟遊詩人
ＦＬオングルリヌ+2,29,吟遊詩人
ＦＬマンシェト+2,29,吟遊詩人
ＦＬラングラヴ+2,29,吟遊詩人
ＦＬコテュルヌ+2,29,吟遊詩人
ＡＭガペット+2,29,狩人
ＡＭカバン+2,29,狩人
ＡＭグロブレト+2,29,狩人
ＡＭブラーグ+2,29,狩人
ＡＭボティヨン+2,29,狩人
真春日烏帽子形兜,29,侍
真春日胴丸,29,侍
真春日筒篭手,29,侍
真春日板佩楯,29,侍
真春日筒脛当,29,侍
真服部頭巾,29,忍者
真服部忍着,29,忍者
真服部手甲,29,忍者
真服部袴,29,忍者
真服部脚絆,29,忍者
ＰＥメザイユ+2,29,竜騎士
ＰＥプラカート+2,29,竜騎士
ＰＥバンブレス+2,29,竜騎士
ＰＥキュイソー+2,29,竜騎士
ＰＥシンバルド+2,29,竜騎士
ＢＣホーン+2,29,召喚士
ＢＣダブレット+2,29,召喚士
ＢＣブレーサー+2,29,召喚士
ＢＣスパッツ+2,29,召喚士
ＢＣピガッシュ+2,29,召喚士
ＨＳカヴク+2,29,青魔道士
ＨＳミンタン+2,29,青魔道士
ＨＳバズバンド+2,29,青魔道士
ＨＳタイト+2,29,青魔道士
ＨＳバシュマク+2,29,青魔道士
ＣＳトリコルヌ+2,29,コルセア
ＣＳフラック+2,29,コルセア
ＣＳガントリー+2,29,コルセア
ＣＳトルーズ+2,29,コルセア
ＣＳブーツ+2,29,コルセア
ＫＧカペッロ+2,29,からくり士
ＫＧファルセト+2,29,からくり士
ＫＧグアンティ+2,29,からくり士
ＫＧパンタロニ+2,29,からくり士
ＫＧスカルペ+2,29,からくり士
ＭＣティアラ+2,29,踊り子
ＭＣカザク+2,29,踊り子
ＭＣバングル+2,29,踊り子
ＭＣタイツ+2,29,踊り子
ＭＣトーシュー+2,29,踊り子
ＡＢボネット+2,29,学者
ＡＢガウン+2,29,学者
ＡＢブレーサー+2,29,学者
ＡＢパンツ+2,29,学者
ＡＢローファー+2,29,学者
ＡＺフード+2,29,風水士
ＡＺコート+2,29,風水士
ＡＺグローブ+2,29,風水士
ＡＺタイツ+2,29,風水士
ＡＺゲートル+2,29,風水士
ＥＲガレア+2,29,魔導剣士
ＥＲサーコート+2,29,魔導剣士
ＥＲガントレ+2,29,魔導剣士
ＥＲレグガード+2,29,魔導剣士
ＥＲグリーヴ+2,29,魔導剣士
ＢＩマスク+3,30,戦士
ＢＩロリカ+3,30,戦士
ＢＩマフラ+3,30,戦士
ＢＩクウィス+3,30,戦士
ＢＩカリガ+3,30,戦士
ＢＫクラウン+3,30,モンク
ＢＫシクラス+3,30,モンク
ＢＫグローブ+3,30,モンク
ＢＫホーズ+3,30,モンク
ＢＫゲートル+3,30,モンク
ＥＢキャップ+3,30,白魔道士
ＥＢブリオー+3,30,白魔道士
ＥＢミトン+3,30,白魔道士
ＥＢパンタロン+3,30,白魔道士
ＥＢダックビル+3,30,白魔道士
ＷＣペタソス+3,30,黒魔道士
ＷＣコート+3,30,黒魔道士
ＷＣグローブ+3,30,黒魔道士
ＷＣショウス+3,30,黒魔道士
ＷＣサボ+3,30,黒魔道士
ＬＴシャペル+3,30,赤魔道士
ＬＴサヨン+3,30,赤魔道士
ＬＴガントロ+3,30,赤魔道士
ＬＴフュゾー+3,30,赤魔道士
ＬＴウゾー+3,30,赤魔道士
ＳＫボンネット+3,30,シーフ
ＳＫベスト+3,30,シーフ
ＳＫアムレット+3,30,シーフ
ＳＫキュロット+3,30,シーフ
ＳＫプーレーヌ+3,30,シーフ
ＣＶアーメット+3,30,ナイト
ＣＶキュイラス+3,30,ナイト
ＣＶガントレ+3,30,ナイト
ＣＶクウィス+3,30,ナイト
ＣＶサバトン+3,30,ナイト
ＨＴバゴネット+3,30,暗黒騎士
ＨＴキュイラス+3,30,暗黒騎士
ＨＴガントレト+3,30,暗黒騎士
ＨＴフランチャ+3,30,暗黒騎士
ＨＴソルレット+3,30,暗黒騎士
ＮＫカバセ+3,30,獣使い
ＮＫゴーザプ+3,30,獣使い
ＮＫマノプラス+3,30,獣使い
ＮＫキホーテ+3,30,獣使い
ＮＫオクレア+3,30,獣使い
ＦＬキャロ+3,30,吟遊詩人
ＦＬオングルリヌ+3,30,吟遊詩人
ＦＬマンシェト+3,30,吟遊詩人
ＦＬラングラヴ+3,30,吟遊詩人
ＦＬコテュルヌ+3,30,吟遊詩人
ＡＭガペット+3,30,狩人
ＡＭカバン+3,30,狩人
ＡＭグロブレト+3,30,狩人
ＡＭブラーグ+3,30,狩人
ＡＭボティヨン+3,30,狩人
極春日烏帽子形兜,30,侍
極春日胴丸,30,侍
極春日筒篭手,30,侍
極春日板佩楯,30,侍
極春日筒脛当,30,侍
極服部頭巾,30,忍者
極服部忍着,30,忍者
極服部手甲,30,忍者
極服部袴,30,忍者
極服部脚絆,30,忍者
ＰＥメザイユ+3,30,竜騎士
ＰＥプラカート+3,30,竜騎士
ＰＥバンブレス+3,30,竜騎士
ＰＥキュイソー+3,30,竜騎士
ＰＥシンバルド+3,30,竜騎士
ＢＣホーン+3,30,召喚士
ＢＣダブレット+3,30,召喚士
ＢＣブレーサー+3,30,召喚士
ＢＣスパッツ+3,30,召喚士
ＢＣピガッシュ+3,30,召喚士
ＨＳカヴク+3,30,青魔道士
ＨＳミンタン+3,30,青魔道士
ＨＳバズバンド+3,30,青魔道士
ＨＳタイト+3,30,青魔道士
ＨＳバシュマク+3,30,青魔道士
ＣＳトリコルヌ+3,30,コルセア
ＣＳフラック+3,30,コルセア
ＣＳガントリー+3,30,コルセア
ＣＳトルーズ+3,30,コルセア
ＣＳブーツ+3,30,コルセア
ＫＧカペッロ+3,30,からくり士
ＫＧファルセト+3,30,からくり士
ＫＧグアンティ+3,30,からくり士
ＫＧパンタロニ+3,30,からくり士
ＫＧスカルペ+3,30,からくり士
ＭＣティアラ+3,30,踊り子
ＭＣカザク+3,30,踊り子
ＭＣバングル+3,30,踊り子
ＭＣタイツ+3,30,踊り子
ＭＣトーシュー+3,30,踊り子
ＡＢボネット+3,30,学者
ＡＢガウン+3,30,学者
ＡＢブレーサー+3,30,学者
ＡＢパンツ+3,30,学者
ＡＢローファー+3,30,学者
ＡＺフード+3,30,風水士
ＡＺコート+3,30,風水士
ＡＺグローブ+3,30,風水士
ＡＺタイツ+3,30,風水士
ＡＺゲートル+3,30,風水士
ＥＲガレア+3,30,魔導剣士
ＥＲサーコート+3,30,魔導剣士
ＥＲガントレ+3,30,魔導剣士
ＥＲレグガード+3,30,魔導剣士
ＥＲグリーヴ+3,30,魔導剣士
デュークシールド,31,盾
サボテンダーの盾,31,盾
幽世の鉄拳,31,格闘
幽世の短剣,31,短剣
幽世の剣,31,片手剣
デュークソード,31,片手剣
ジャジャソード,31,片手剣
幽世の大剣,31,両手剣
幽世の戦斧,31,片手斧
幽世の大斧,31,両手斧
幽世の槍,31,両手槍
片鎌槍,31,両手槍
幽世の鎌,31,両手鎌
幽世の刀,31,片手刀
幽世の太刀,31,両手刀
アースロセプター,31,片手棍
幽世の棍,31,片手棍
バドロッド,31,片手棍
シェードモグロッド,31,片手棍
シェードモグロッド+1,31,片手棍
ジャジャメイス,31,片手棍
幽世の杖,31,両手棍
幽世の強弓,31,弓術
幽世の長銃,31,射撃
サファイアマスク,31,頭装備
ジェダイドバイザー,31,頭装備
ルビーコロナル,31,頭装備
金剛総面,31,頭装備
エメラルドティアラ,31,頭装備
アロゲンスクラウン,31,頭装備
アパシーマスク,31,頭装備
カワードペタソス,31,頭装備
エンヴィクラウン,31,頭装備
イルムティアラ,31,頭装備
朱雀帽子,31,頭装備
崇武鳳凰兜,31,頭装備
サファイアプレート,31,胴装備
ジェダイドクウィリ,31,胴装備
ルビーローブ,31,胴装備
金剛腹巻,31,胴装備
エメラルドジュバ,31,胴装備
アロゲンスプレート,31,胴装備
アパシープレート,31,胴装備
レージプレート,31,胴装備
カワードコート,31,胴装備
エンヴィシクラス,31,胴装備
イルムウエスキット,31,胴装備
サファイアガントレ,31,両手装備
ジェダイドグローブ,31,両手装備
ルビーカフス,31,両手装備
金剛篭手,31,両手装備
エメラルドダスタナ,31,両手装備
アロゲンスガントレ,31,両手装備
アパシーガントレ,31,両手装備
レージガントレ,31,両手装備
カワードグローブ,31,両手装備
エンヴィガントレ,31,両手装備
イルムマニラ,31,両手装備
サファイアトラウザ,31,両脚装備
ジェダイドショウス,31,両脚装備
ルビースロップス,31,両脚装備
金剛膝甲,31,両脚装備
エメラルドシャルワ,31,両脚装備
アロゲンスブレー,31,両脚装備
アパシーブレー,31,両脚装備
レージブレー,31,両脚装備
カワードトンバン,31,両脚装備
エンヴィフランチャ,31,両脚装備
イルムラッパ,31,両脚装備
サファイアレギンス,31,両足装備
ジェダイドジャンボ,31,両足装備
ルビーピガッシュ,31,両足装備
金剛脛当,31,両足装備
エメラルドクラッコ,31,両足装備
アロゲンスサバトン,31,両足装備
アパシーサバトン,31,両足装備
レージサバトン,31,両足装備
カワードサボ,31,両足装備
エンヴィソルレット,31,両足装備
プリッシュブーツ,31,両足装備
プリッシュブーツ+1,31,両足装備
イルムファラッシュ,31,両足装備
ザッハトルテ,31,調度品
ＰＭマスク+4,32,戦士
ＰＭロリカ+4,32,戦士
ＰＭマフラ+4,32,戦士
ＰＭクウィス+4,32,戦士
ＰＭカリガ+4,32,戦士
ＡＮクラウン+4,32,モンク
ＡＮシクラス+4,32,モンク
ＡＮグローブ+4,32,モンク
ＡＮホーズ+4,32,モンク
ＡＮゲートル+4,32,モンク
ＴＥキャップ+4,32,白魔道士
ＴＥブリオー+4,32,白魔道士
ＴＥミトン+4,32,白魔道士
ＴＥパンタロン+4,32,白魔道士
ＴＥダックビル+4,32,白魔道士
ＳＰペタソス+4,32,黒魔道士
ＳＰコート+4,32,黒魔道士
ＳＰグローブ+4,32,黒魔道士
ＳＰトンバン+4,32,黒魔道士
ＳＰサボ+4,32,黒魔道士
ＡＴシャポー+4,32,赤魔道士
ＡＴタバード+4,32,赤魔道士
ＡＴグローブ+4,32,赤魔道士
ＡＴタイツ+4,32,赤魔道士
ＡＴブーツ+4,32,赤魔道士
ＰＬボンネット+4,32,シーフ
ＰＬベスト+4,32,シーフ
ＰＬアムレット+4,32,シーフ
ＰＬキュロット+4,32,シーフ
ＰＬプーレーヌ+4,32,シーフ
ＲＶコロネット+4,32,ナイト
ＲＶサーコート+4,32,ナイト
ＲＶガントレ+4,32,ナイト
ＲＶブリーチズ+4,32,ナイト
ＲＶレギンス+4,32,ナイト
ＩＧバゴネット+4,32,暗黒騎士
ＩＧキュイラス+4,32,暗黒騎士
ＩＧガントレ+4,32,暗黒騎士
ＩＧフランチャ+4,32,暗黒騎士
ＩＧソルレット+4,32,暗黒騎士
ＴＯヘルム+4,32,獣使い
ＴＯジャック+4,32,獣使い
ＴＯグローブ+4,32,獣使い
ＴＯトラウザ+4,32,獣使い
ＴＯゲートル+4,32,獣使い
ＢＲランドリト+4,32,吟遊詩人
ＢＲジュスト+4,32,吟遊詩人
ＢＲカフス+4,32,吟遊詩人
ＢＲキャニオン+4,32,吟遊詩人
ＢＲスリッパー+4,32,吟遊詩人
ＯＲベレー+4,32,狩人
ＯＲジャーキン+4,32,狩人
ＯＲブレーサー+4,32,狩人
ＯＲブラッカエ+4,32,狩人
ＯＲソックス+4,32,狩人
越脇戸桃形兜,32,侍
越脇戸胴丸,32,侍
越脇戸筒篭手,32,侍
越脇戸板佩楯,32,侍
越脇戸筒脛当,32,侍
越蜂屋半首,32,忍者
越蜂屋鎖帷子,32,忍者
越蜂屋手甲,32,忍者
越蜂屋袴,32,忍者
越蜂屋脚絆,32,忍者
ＶＳアーメット+4,32,竜騎士
ＶＳメイル+4,32,竜騎士
ＶＳフィンガー+4,32,竜騎士
ＶＳブレー+4,32,竜騎士
ＶＳグリーヴ+4,32,竜騎士
ＣＮホーン+4,32,召喚士
ＣＮダブレット+4,32,召喚士
ＣＮブレーサー+4,32,召喚士
ＣＮスパッツ+4,32,召喚士
ＣＮピガッシュ+4,32,召喚士
ＡＳケフィエ+4,32,青魔道士
ＡＳジュバ+4,32,青魔道士
ＡＳバズバンド+4,32,青魔道士
ＡＳシャルワー+4,32,青魔道士
ＡＳチャルク+4,32,青魔道士
ＬＫトリコルヌ+4,32,コルセア
ＬＫフラック+4,32,コルセア
ＬＫガントリー+4,32,コルセア
ＬＫトルーズ+4,32,コルセア
ＬＫブーツ+4,32,コルセア
ＦＯタージ+4,32,からくり士
ＦＯトベ+4,32,からくり士
ＦＯダスタナ+4,32,からくり士
ＦＯチュリダル+4,32,からくり士
ＦＯバブーシュ+4,32,からくり士
ＭＸティアラ+4,32,踊り子
ＭＸカザク+4,32,踊り子
ＭＸバングル+4,32,踊り子
ＭＸタイツ+4,32,踊り子
ＭＸトーシュー+4,32,踊り子
ＡＣボード+4,32,学者
ＡＣガウン+4,32,学者
ＡＣブレーサー+4,32,学者
ＡＣパンツ+4,32,学者
ＡＣローファー+4,32,学者
ＧＯガレーロ+4,32,風水士
ＧＯチュニック+4,32,風水士
ＧＯミテーヌ+4,32,風水士
ＧＯパンツ+4,32,風水士
ＧＯサンダル+4,32,風水士
ＲＮバンド+4,32,魔導剣士
ＲＮコート+4,32,魔導剣士
ＲＮミトン+4,32,魔導剣士
ＲＮトラウザ+4,32,魔導剣士
ＲＮブーツ+4,32,魔導剣士
ＡＧマスク+4,33,戦士
ＡＧロリカ+4,33,戦士
ＡＧマフラ+4,33,戦士
ＡＧクウィス+4,33,戦士
ＡＧカリガ+4,33,戦士
ＨＥクラウン+4,33,モンク
ＨＥシクラス+4,33,モンク
ＨＥグローブ+4,33,モンク
ＨＥホーズ+4,33,モンク
ＨＥゲートル+4,33,モンク
ＰＩキャップ+4,33,白魔道士
ＰＩブリオー+4,33,白魔道士
ＰＩミトン+4,33,白魔道士
ＰＩパンタロン+4,33,白魔道士
ＰＩダックビル+4,33,白魔道士
ＡＲペタソス+4,33,黒魔道士
ＡＲコート+4,33,黒魔道士
ＡＲグローブ+4,33,黒魔道士
ＡＲトンバン+4,33,黒魔道士
ＡＲサボ+4,33,黒魔道士
ＶＩシャポー+4,33,赤魔道士
ＶＩタバード+4,33,赤魔道士
ＶＩグローブ+4,33,赤魔道士
ＶＩタイツ+4,33,赤魔道士
ＶＩブーツ+4,33,赤魔道士
ＰＤボンネット+4,33,シーフ
ＰＤベスト+4,33,シーフ
ＰＤアムレット+4,33,シーフ
ＰＤキュロット+4,33,シーフ
ＰＤプーレーヌ+4,33,シーフ
ＣＢコロネット+4,33,ナイト
ＣＢサーコート+4,33,ナイト
ＣＢガントレ+4,33,ナイト
ＣＢブリーチズ+4,33,ナイト
ＣＢレギンス+4,33,ナイト
ＦＬバーゴネット+4,33,暗黒騎士
ＦＬキュイラス+4,33,暗黒騎士
ＦＬガントレット+4,33,暗黒騎士
ＦＬフランチャー+4,33,暗黒騎士
ＦＬソルレット+4,33,暗黒騎士
ＡＫヘルム+4,33,獣使い
ＡＫジャック+4,33,獣使い
ＡＫグローブ+4,33,獣使い
ＡＫトラウザ+4,33,獣使い
ＡＫゲートル+4,33,獣使い
ＢＩラウンドリト+4,33,吟遊詩人
ＢＩジュストコル+4,33,吟遊詩人
ＢＩカフス+4,33,吟遊詩人
ＢＩキャニオンズ+4,33,吟遊詩人
ＢＩスリッパー+4,33,吟遊詩人
ＡＲベレー+4,33,狩人
ＡＲジャーキン+4,33,狩人
ＡＲブレーサー+4,33,狩人
ＡＲブラッカエ+4,33,狩人
ＡＲソックス+4,33,狩人
越左近士桃形兜,33,侍
越左近士胴丸,33,侍
越左近士筒篭手,33,侍
越左近士板佩楯,33,侍
越左近士筒脛当,33,侍
越望月半首,33,忍者
越望月鎖帷子,33,忍者
越望月手甲,33,忍者
越望月袴,33,忍者
越望月脚絆,33,忍者
ＰＴアーメット+4,33,竜騎士
ＰＴメイル+4,33,竜騎士
ＰＴフィンガー+4,33,竜騎士
ＰＴブレー+4,33,竜騎士
ＰＴグリーヴ+4,33,竜騎士
ＧＬホーン+4,33,召喚士
ＧＬダブレット+4,33,召喚士
ＧＬブレーサー+4,33,召喚士
ＧＬスパッツ+4,33,召喚士
ＧＬピガッシュ+4,33,召喚士
ＬＬケフィエ+4,33,青魔道士
ＬＬジュバ+4,33,青魔道士
ＬＬバズバンド+4,33,青魔道士
ＬＬシャルワー+4,33,青魔道士
ＬＬチャルク+4,33,青魔道士
ＬＡトリコルヌ+4,33,コルセア
ＬＡフラック+4,33,コルセア
ＬＡガントリー+4,33,コルセア
ＬＡトルーズ+4,33,コルセア
ＬＡブーツ+4,33,コルセア
ＰＩタージ+4,33,からくり士
ＰＩトベ+4,33,からくり士
ＰＩダスタナ+4,33,からくり士
ＰＩチュリダル+4,33,からくり士
ＰＩバブーシュ+4,33,からくり士
ＨＯティアラ+4,33,踊り子
ＨＯカザク+3,33,踊り子
ＨＯバングル+4,33,踊り子
ＨＯタイツ+4,33,踊り子
ＨＯトーシュー+4,33,踊り子
ＰＤボード+4,33,学者
ＰＤガウン+4,33,学者
ＰＤブレーサー+4,33,学者
ＰＤパンツ+4,33,学者
ＰＤローファー+4,33,学者
ＢＡガレーロ+4,33,風水士
ＢＡチュニック+4,33,風水士
ＢＡミテーヌ+4,33,風水士
ＢＡパンツ+4,33,風水士
ＢＡサンダル+4,33,風水士
ＦＵバンド+4,33,魔導剣士
ＦＵコート+4,33,魔導剣士
ＦＵミトン+4,33,魔導剣士
ＦＵトラウザ+4,33,魔導剣士
ＦＵブーツ+4,33,魔導剣士
